#
# There is insufficient memory for the Java Runtime Environment to continue.
# Native memory allocation (mmap) failed to map 65536 bytes. Error detail: Failed to commit metaspace.
# Possible reasons:
#   The system is out of physical RAM or swap space
#   This process is running with CompressedOops enabled, and the Java Heap may be blocking the growth of the native heap
# Possible solutions:
#   Reduce memory load on the system
#   Increase physical memory or swap space
#   Check if swap backing store is full
#   Decrease Java heap size (-Xmx/-Xms)
#   Decrease number of Java threads
#   Decrease Java thread stack sizes (-Xss)
#   Set larger code cache with -XX:ReservedCodeCacheSize=
#   JVM is running with Unscaled Compressed Oops mode in which the Java heap is
#     placed in the first 4GB address space. The Java Heap base address is the
#     maximum limit for the native heap growth. Please use -XX:HeapBaseMinAddress
#     to set the Java Heap base and to place the Java Heap above 4GB virtual address.
# This output file may be truncated or incomplete.
#
#  Out of Memory Error (virtualSpaceNode.cpp:113), pid=800, tid=15576
#
# JRE version: OpenJDK Runtime Environment (21.0.10) (build 21.0.10+-14961533-b1163.108)
# Java VM: OpenJDK 64-Bit Server VM (21.0.10+-14961533-b1163.108, mixed mode, tiered, compressed oops, compressed class ptrs, g1 gc, windows-amd64)
# No core dump will be written. Minidumps are not enabled by default on client versions of Windows
#

---------------  S U M M A R Y ------------

Command Line: --add-opens=java.base/java.lang=ALL-UNNAMED --add-opens=java.base/java.lang.invoke=ALL-UNNAMED --add-opens=java.base/java.util=ALL-UNNAMED --add-opens=java.prefs/java.util.prefs=ALL-UNNAMED --add-exports=jdk.compiler/com.sun.tools.javac.api=ALL-UNNAMED --add-exports=jdk.compiler/com.sun.tools.javac.util=ALL-UNNAMED --add-opens=java.base/java.util=ALL-UNNAMED --add-opens=java.prefs/java.util.prefs=ALL-UNNAMED --add-opens=java.base/java.nio.charset=ALL-UNNAMED --add-opens=java.base/java.net=ALL-UNNAMED --add-opens=java.base/java.util.concurrent=ALL-UNNAMED --add-opens=java.base/java.util.concurrent.atomic=ALL-UNNAMED --add-opens=java.xml/javax.xml.namespace=ALL-UNNAMED --add-opens=java.base/java.time=ALL-UNNAMED -Xmx2048m -Dfile.encoding=UTF-8 -Duser.country=IN -Duser.language=en -Duser.variant -javaagent:C:\Users\speak\.gradle\wrapper\dists\gradle-9.4.1-bin\arn2x92ynaizyzdaamcbpbhtj\gradle-9.4.1\lib\agents\gradle-instrumentation-agent-9.4.1.jar org.gradle.launcher.daemon.bootstrap.GradleDaemon 9.4.1

Host: Intel(R) Core(TM) i5-8250U CPU @ 1.60GHz, 8 cores, 7G,  Windows 10 , 64 bit Build 19041 (10.0.19041.7291)
Time: Sat May 16 23:12:59 2026 India Standard Time elapsed time: 28.355515 seconds (0d 0h 0m 28s)

---------------  T H R E A D  ---------------

Current thread (0x00000216229542c0):  JavaThread "Daemon worker"        [_thread_in_vm, id=15576, stack(0x0000009bf9100000,0x0000009bf9200000) (1024K)]

Stack: [0x0000009bf9100000,0x0000009bf9200000]
Native frames: (J=compiled Java code, j=interpreted, Vv=VM code, C=native code)
V  [jvm.dll+0x6d78a9]
V  [jvm.dll+0x8665b3]
V  [jvm.dll+0x868bde]
V  [jvm.dll+0x8692c3]
V  [jvm.dll+0x280ee6]
V  [jvm.dll+0x86146e]
V  [jvm.dll+0x67add5]
V  [jvm.dll+0x1e4911]
V  [jvm.dll+0x1e46de]
V  [jvm.dll+0x67d728]
V  [jvm.dll+0x67d562]
V  [jvm.dll+0x67b7ce]
V  [jvm.dll+0x26ce00]
V  [jvm.dll+0x2172eb]
V  [jvm.dll+0x20c73a]
V  [jvm.dll+0x5b7f75]
V  [jvm.dll+0x7df903]
V  [jvm.dll+0x7dfa4b]
V  [jvm.dll+0x4730c7]
V  [jvm.dll+0x478a18]
C  [java.dll+0x17ec]

Java frames: (J=compiled Java code, j=interpreted, Vv=VM code)
J 919  java.lang.ClassLoader.defineClass1(Ljava/lang/ClassLoader;Ljava/lang/String;[BIILjava/security/ProtectionDomain;Ljava/lang/String;)Ljava/lang/Class; java.base@21.0.10 (0 bytes) @ 0x0000021615711289 [0x00000216157111c0+0x00000000000000c9]
J 1347 c1 java.lang.ClassLoader.defineClass(Ljava/lang/String;[BIILjava/security/ProtectionDomain;)Ljava/lang/Class; java.base@21.0.10 (43 bytes) @ 0x000002160de3716c [0x000002160de36e20+0x000000000000034c]
J 1221 c1 java.security.SecureClassLoader.defineClass(Ljava/lang/String;[BIILjava/security/CodeSource;)Ljava/lang/Class; java.base@21.0.10 (16 bytes) @ 0x000002160de0719c [0x000002160de070c0+0x00000000000000dc]
J 3110 c2 java.net.URLClassLoader.findClass(Ljava/lang/String;)Ljava/lang/Class; java.base@21.0.10 (47 bytes) @ 0x0000021615871d10 [0x0000021615871340+0x00000000000009d0]
J 3028 c1 org.gradle.internal.classloader.TransformingClassLoader.findClass(Ljava/lang/String;)Ljava/lang/Class; (203 bytes) @ 0x000002160e1a899c [0x000002160e1a7660+0x000000000000133c]
J 2822 c2 java.lang.ClassLoader.loadClass(Ljava/lang/String;Z)Ljava/lang/Class; java.base@21.0.10 (121 bytes) @ 0x0000021615828360 [0x0000021615826000+0x0000000000002360]
J 3541 c2 java.lang.ClassLoader.loadClass(Ljava/lang/String;)Ljava/lang/Class; java.base@21.0.10 (7 bytes) @ 0x000002161578966c [0x0000021615789620+0x000000000000004c]
v  ~StubRoutines::call_stub 0x000002161511100d
J 2384  java.lang.Class.getDeclaredConstructors0(Z)[Ljava/lang/reflect/Constructor; java.base@21.0.10 (0 bytes) @ 0x00000216157d170b [0x00000216157d16c0+0x000000000000004b]
J 3050 c1 java.lang.Class.privateGetDeclaredConstructors(Z)[Ljava/lang/reflect/Constructor; java.base@21.0.10 (79 bytes) @ 0x000002160e1b3904 [0x000002160e1b36a0+0x0000000000000264]
j  java.lang.Class.getDeclaredConstructors()[Ljava/lang/reflect/Constructor;+20 java.base@21.0.10
j  org.gradle.internal.service.InjectUtil.selectConstructor(Ljava/lang/Class;)Ljava/lang/reflect/Constructor;+32
j  org.gradle.internal.service.DefaultServiceRegistry$ConstructorService.<init>(Lorg/gradle/internal/service/DefaultServiceRegistry;Lorg/gradle/internal/service/ServiceAccessScope;Lorg/gradle/internal/service/ServiceAccessToken;Ljava/util/List;Ljava/lang/Class;)V+87
j  org.gradle.internal.service.DefaultServiceRegistry$ConstructorService.<init>(Lorg/gradle/internal/service/DefaultServiceRegistry;Lorg/gradle/internal/service/ServiceAccessScope;Lorg/gradle/internal/service/ServiceAccessToken;Ljava/lang/Class;Ljava/lang/Class;)V+11
j  org.gradle.internal.service.DefaultServiceRegistry$ConstructorService.<init>(Lorg/gradle/internal/service/DefaultServiceRegistry;Lorg/gradle/internal/service/ServiceAccessScope;Lorg/gradle/internal/service/ServiceAccessToken;Ljava/lang/Class;)V+8
j  org.gradle.internal.service.DefaultServiceRegistry$ConstructorService.<init>(Lorg/gradle/internal/service/DefaultServiceRegistry;Lorg/gradle/internal/service/ServiceAccessScope;Lorg/gradle/internal/service/ServiceAccessToken;Ljava/lang/Class;Lorg/gradle/internal/service/DefaultServiceRegistry$1;)V+6
j  org.gradle.internal.service.DefaultServiceRegistry$1.add(Ljava/lang/Class;)V+24
j  org.gradle.api.internal.artifacts.DefaultDependencyManagementServices$DependencyResolutionScopeServices.configure(Lorg/gradle/internal/service/ServiceRegistration;)V+83
j  java.lang.invoke.DirectMethodHandle$Holder.invokeVirtual(Ljava/lang/Object;Ljava/lang/Object;Ljava/lang/Object;)V+11 java.base@21.0.10
j  java.lang.invoke.LambdaForm$MH+0x000000010011dc00.invoke(Ljava/lang/Object;Ljava/lang/Object;Ljava/lang/Object;)Ljava/lang/Object;+52 java.base@21.0.10
J 2322 c1 jdk.internal.reflect.DirectMethodHandleAccessor.invoke(Ljava/lang/Object;[Ljava/lang/Object;)Ljava/lang/Object; java.base@21.0.10 (92 bytes) @ 0x000002160e0526dc [0x000002160e050c40+0x0000000000001a9c]
J 3449 c1 org.gradle.internal.reflect.JavaMethod.invoke(Ljava/lang/Object;[Ljava/lang/Object;)Ljava/lang/Object; (87 bytes) @ 0x000002160dc0dc1c [0x000002160dc0d6c0+0x000000000000055c]
J 3448 c1 org.gradle.internal.service.ReflectionBasedServiceMethod.invoke(Ljava/lang/Object;[Ljava/lang/Object;)Ljava/lang/Object; (16 bytes) @ 0x000002160e079cd4 [0x000002160e079c40+0x0000000000000094]
j  org.gradle.internal.service.DefaultServiceRegistry.applyConfigureMethod(Lorg/gradle/internal/service/ServiceAccessToken;Lorg/gradle/internal/service/ServiceMethod;Ljava/lang/Object;)V+148
j  org.gradle.internal.service.DefaultServiceRegistry.findProviderMethods(Lorg/gradle/internal/service/ServiceRegistrationProvider;Lorg/gradle/internal/service/ServiceAccessToken;)V+215
j  org.gradle.internal.service.DefaultServiceRegistry.addProvider(Lorg/gradle/internal/service/ServiceRegistrationProvider;)Lorg/gradle/internal/service/DefaultServiceRegistry;+18
j  org.gradle.internal.service.ServiceRegistryBuilder.build()Lorg/gradle/internal/service/CloseableServiceRegistry;+93
j  org.gradle.api.internal.artifacts.DefaultDependencyManagementServices.newDetachedResolver(Lorg/gradle/api/internal/file/FileResolver;Lorg/gradle/api/internal/file/FileCollectionFactory;Lorg/gradle/api/internal/DomainObjectContext;)Lorg/gradle/api/internal/artifacts/DependencyResolutionServices;+43
j  org.gradle.api.internal.artifacts.DefaultDependencyManagementServices.newDetachedResolver(Lorg/gradle/api/internal/DomainObjectContext;)Lorg/gradle/api/internal/artifacts/DependencyResolutionServices;+30
j  org.gradle.api.internal.initialization.DefaultScriptHandlerFactory.create(Lorg/gradle/groovy/scripts/ScriptSource;Lorg/gradle/api/internal/initialization/ClassLoaderScope;Lorg/gradle/api/internal/DomainObjectContext;)Lorg/gradle/api/internal/initialization/ScriptHandlerInternal;+5
j  org.gradle.configuration.DefaultInitScriptProcessor.process(Lorg/gradle/groovy/scripts/ScriptSource;Lorg/gradle/api/internal/GradleInternal;)V+95
j  org.gradle.initialization.InitScriptHandler$1.run(Lorg/gradle/internal/operations/BuildOperationContext;)V+66
j  org.gradle.internal.operations.DefaultBuildOperationRunner$1.execute(Lorg/gradle/internal/operations/RunnableBuildOperation;Lorg/gradle/internal/operations/BuildOperationContext;)V+2
j  org.gradle.internal.operations.DefaultBuildOperationRunner$1.execute(Lorg/gradle/internal/operations/BuildOperation;Lorg/gradle/internal/operations/BuildOperationContext;)V+6
j  org.gradle.internal.operations.DefaultBuildOperationRunner$2.execute(Lorg/gradle/internal/operations/BuildOperationDescriptor;Lorg/gradle/internal/operations/BuildOperationState;Lorg/gradle/internal/operations/BuildOperationState;Lorg/gradle/internal/operations/DefaultBuildOperationRunner$ReadableBuildOperationContext;Lorg/gradle/internal/operations/DefaultBuildOperationRunner$BuildOperationExecutionListener;)Lorg/gradle/internal/operations/BuildOperation;+22
j  org.gradle.internal.operations.DefaultBuildOperationRunner$2.execute(Lorg/gradle/internal/operations/BuildOperationDescriptor;Lorg/gradle/internal/operations/BuildOperationState;Lorg/gradle/internal/operations/BuildOperationState;Lorg/gradle/internal/operations/DefaultBuildOperationRunner$ReadableBuildOperationContext;Lorg/gradle/internal/operations/DefaultBuildOperationRunner$BuildOperationExecutionListener;)Ljava/lang/Object;+8
j  org.gradle.internal.operations.DefaultBuildOperationRunner.execute(Lorg/gradle/internal/operations/BuildOperationDescriptor$Builder;Lorg/gradle/internal/operations/DefaultBuildOperationRunner$BuildOperationExecution;)Ljava/lang/Object;+141
j  org.gradle.internal.operations.DefaultBuildOperationRunner.execute(Lorg/gradle/internal/operations/BuildOperation;Lorg/gradle/internal/operations/BuildOperationWorker;)V+17
j  org.gradle.internal.operations.DefaultBuildOperationRunner.run(Lorg/gradle/internal/operations/RunnableBuildOperation;)V+5
j  org.gradle.initialization.InitScriptHandler.executeScripts(Lorg/gradle/api/internal/GradleInternal;)V+34
j  org.gradle.initialization.InitScriptHandlingSettingsLoader.findAndLoadSettings(Lorg/gradle/api/internal/GradleInternal;)Lorg/gradle/initialization/SettingsState;+5
j  org.gradle.api.internal.initialization.CacheConfigurationsHandlingSettingsLoader.findAndLoadSettings(Lorg/gradle/api/internal/GradleInternal;)Lorg/gradle/initialization/SettingsState;+15
j  org.gradle.initialization.DaemonJvmToolchainsValidatingSettingsLoader.findAndLoadSettings(Lorg/gradle/api/internal/GradleInternal;)Lorg/gradle/initialization/SettingsState;+14
j  org.gradle.initialization.GradlePropertiesHandlingSettingsLoader.findAndLoadSettings(Lorg/gradle/api/internal/GradleInternal;)Lorg/gradle/initialization/SettingsState;+49
j  org.gradle.initialization.DefaultSettingsPreparer.prepareSettings(Lorg/gradle/api/internal/GradleInternal;)V+33
j  org.gradle.initialization.BuildOperationFiringSettingsPreparer$LoadBuild.doLoadBuild()V+11
j  org.gradle.initialization.BuildOperationFiringSettingsPreparer$LoadBuild.run(Lorg/gradle/internal/operations/BuildOperationContext;)V+1
j  org.gradle.internal.operations.DefaultBuildOperationRunner$1.execute(Lorg/gradle/internal/operations/RunnableBuildOperation;Lorg/gradle/internal/operations/BuildOperationContext;)V+2
j  org.gradle.internal.operations.DefaultBuildOperationRunner$1.execute(Lorg/gradle/internal/operations/BuildOperation;Lorg/gradle/internal/operations/BuildOperationContext;)V+6
j  org.gradle.internal.operations.DefaultBuildOperationRunner$2.execute(Lorg/gradle/internal/operations/BuildOperationDescriptor;Lorg/gradle/internal/operations/BuildOperationState;Lorg/gradle/internal/operations/BuildOperationState;Lorg/gradle/internal/operations/DefaultBuildOperationRunner$ReadableBuildOperationContext;Lorg/gradle/internal/operations/DefaultBuildOperationRunner$BuildOperationExecutionListener;)Lorg/gradle/internal/operations/BuildOperation;+22
j  org.gradle.internal.operations.DefaultBuildOperationRunner$2.execute(Lorg/gradle/internal/operations/BuildOperationDescriptor;Lorg/gradle/internal/operations/BuildOperationState;Lorg/gradle/internal/operations/BuildOperationState;Lorg/gradle/internal/operations/DefaultBuildOperationRunner$ReadableBuildOperationContext;Lorg/gradle/internal/operations/DefaultBuildOperationRunner$BuildOperationExecutionListener;)Ljava/lang/Object;+8
j  org.gradle.internal.operations.DefaultBuildOperationRunner.execute(Lorg/gradle/internal/operations/BuildOperationDescriptor$Builder;Lorg/gradle/internal/operations/DefaultBuildOperationRunner$BuildOperationExecution;)Ljava/lang/Object;+141
j  org.gradle.internal.operations.DefaultBuildOperationRunner.execute(Lorg/gradle/internal/operations/BuildOperation;Lorg/gradle/internal/operations/BuildOperationWorker;)V+17
j  org.gradle.internal.operations.DefaultBuildOperationRunner.run(Lorg/gradle/internal/operations/RunnableBuildOperation;)V+5
j  org.gradle.initialization.BuildOperationFiringSettingsPreparer.prepareSettings(Lorg/gradle/api/internal/GradleInternal;)V+31
j  org.gradle.initialization.VintageBuildModelController.lambda$prepareSettings$1()V+8
j  org.gradle.initialization.VintageBuildModelController$$Lambda+0x0000000100592ad0.run()V+4
j  org.gradle.internal.model.StateTransitionController.lambda$doTransition$15(Ljava/lang/Runnable;)Lorg/gradle/internal/build/ExecutionResult;+1
j  org.gradle.internal.model.StateTransitionController$$Lambda+0x0000000100592878.get()Ljava/lang/Object;+4
j  org.gradle.internal.model.StateTransitionController.doTransition(Lorg/gradle/internal/model/StateTransitionController$State;Lorg/gradle/internal/model/StateTransitionController$State;Ljava/util/function/Supplier;)Lorg/gradle/internal/build/ExecutionResult;+24
j  org.gradle.internal.model.StateTransitionController.doTransition(Lorg/gradle/internal/model/StateTransitionController$State;Lorg/gradle/internal/model/StateTransitionController$State;Ljava/lang/Runnable;)V+9
j  org.gradle.internal.model.StateTransitionController.lambda$transitionIfNotPreviously$12(Lorg/gradle/internal/model/StateTransitionController$State;Lorg/gradle/internal/model/StateTransitionController$State;Ljava/lang/Runnable;)V+16
j  org.gradle.internal.model.StateTransitionController$$Lambda+0x0000000100592d28.run()V+16
j  org.gradle.internal.work.DefaultSynchronizer.withLock(Ljava/lang/Runnable;)V+6
j  org.gradle.internal.model.StateTransitionController.transitionIfNotPreviously(Lorg/gradle/internal/model/StateTransitionController$State;Lorg/gradle/internal/model/StateTransitionController$State;Ljava/lang/Runnable;)V+13
j  org.gradle.initialization.VintageBuildModelController.prepareSettings()V+16
j  org.gradle.initialization.VintageBuildModelController.prepareToScheduleTasks()V+1
j  org.gradle.internal.build.DefaultBuildLifecycleController.lambda$prepareToScheduleTasks$7()V+9
j  org.gradle.internal.build.DefaultBuildLifecycleController$$Lambda+0x00000001005923c8.run()V+4
j  org.gradle.internal.model.StateTransitionController.lambda$doTransition$15(Ljava/lang/Runnable;)Lorg/gradle/internal/build/ExecutionResult;+1
j  org.gradle.internal.model.StateTransitionController$$Lambda+0x0000000100592878.get()Ljava/lang/Object;+4
j  org.gradle.internal.model.StateTransitionController.doTransition(Lorg/gradle/internal/model/StateTransitionController$State;Lorg/gradle/internal/model/StateTransitionController$State;Ljava/util/function/Supplier;)Lorg/gradle/internal/build/ExecutionResult;+24
j  org.gradle.internal.model.StateTransitionController.doTransition(Lorg/gradle/internal/model/StateTransitionController$State;Lorg/gradle/internal/model/StateTransitionController$State;Ljava/lang/Runnable;)V+9
j  org.gradle.internal.model.StateTransitionController.lambda$maybeTransition$10(Lorg/gradle/internal/model/StateTransitionController$State;Lorg/gradle/internal/model/StateTransitionController$State;Ljava/lang/Runnable;)V+16
j  org.gradle.internal.model.StateTransitionController$$Lambda+0x0000000100592620.run()V+16
j  org.gradle.internal.work.DefaultSynchronizer.withLock(Ljava/lang/Runnable;)V+6
j  org.gradle.internal.model.StateTransitionController.maybeTransition(Lorg/gradle/internal/model/StateTransitionController$State;Lorg/gradle/internal/model/StateTransitionController$State;Ljava/lang/Runnable;)V+13
j  org.gradle.internal.build.DefaultBuildLifecycleController.prepareToScheduleTasks()V+16
j  org.gradle.internal.buildtree.DefaultBuildTreeWorkPreparer.scheduleRequestedTasks(Lorg/gradle/internal/buildtree/BuildTreeWorkGraph;Lorg/gradle/execution/EntryTaskSelector;)Lorg/gradle/internal/buildtree/BuildTreeWorkGraph$FinalizedGraph;+4
j  org.gradle.internal.cc.impl.barrier.BarrierAwareBuildTreeWorkPreparer.scheduleRequestedTasks$lambda$0(Lorg/gradle/internal/cc/impl/barrier/BarrierAwareBuildTreeWorkPreparer;Lorg/gradle/internal/buildtree/BuildTreeWorkGraph;Lorg/gradle/execution/EntryTaskSelector;)Lorg/gradle/internal/buildtree/BuildTreeWorkGraph$FinalizedGraph;+6
j  org.gradle.internal.cc.impl.barrier.BarrierAwareBuildTreeWorkPreparer$$Lambda+0x00000001005947e0.invoke()Ljava/lang/Object;+12
j  org.gradle.internal.cc.impl.barrier.VintageConfigurationTimeActionRunner.runConfigurationTimeAction(Lkotlin/jvm/functions/Function0;)Ljava/lang/Object;+25
j  org.gradle.internal.cc.impl.barrier.BarrierAwareBuildTreeWorkPreparer.scheduleRequestedTasks(Lorg/gradle/internal/buildtree/BuildTreeWorkGraph;Lorg/gradle/execution/EntryTaskSelector;)Lorg/gradle/internal/buildtree/BuildTreeWorkGraph$FinalizedGraph;+18
j  org.gradle.internal.cc.impl.VintageBuildTreeWorkController$scheduleAndRunRequestedTasks$1$finalizedGraph$1.call()Lorg/gradle/internal/buildtree/BuildTreeWorkGraph$FinalizedGraph;+15
j  org.gradle.internal.cc.impl.VintageBuildTreeWorkController$scheduleAndRunRequestedTasks$1$finalizedGraph$1.call()Ljava/lang/Object;+1
j  org.gradle.internal.Try.ofFailable(Ljava/util/concurrent/Callable;)Lorg/gradle/internal/Try;+1
j  org.gradle.internal.cc.impl.VintageBuildTreeWorkController$scheduleAndRunRequestedTasks$1.apply(Lorg/gradle/internal/buildtree/BuildTreeWorkGraph;)Lorg/gradle/internal/buildtree/BuildTreeWorkController$TaskRunResult;+25
j  org.gradle.internal.cc.impl.VintageBuildTreeWorkController$scheduleAndRunRequestedTasks$1.apply(Ljava/lang/Object;)Ljava/lang/Object;+5
j  org.gradle.composite.internal.DefaultIncludedBuildTaskGraph.withNewWorkGraph(Ljava/util/function/Function;)Ljava/lang/Object;+30
j  org.gradle.internal.cc.impl.VintageBuildTreeWorkController.scheduleAndRunRequestedTasks(Lorg/gradle/execution/EntryTaskSelector;)Lorg/gradle/internal/buildtree/BuildTreeWorkController$TaskRunResult;+16
j  org.gradle.internal.buildtree.DefaultBuildTreeLifecycleController.lambda$scheduleAndRunTasks$1(Lorg/gradle/execution/EntryTaskSelector;)Lorg/gradle/internal/build/ExecutionResult;+5
j  org.gradle.internal.buildtree.DefaultBuildTreeLifecycleController$$Lambda+0x0000000100590700.get()Ljava/lang/Object;+8
j  org.gradle.internal.buildtree.DefaultBuildTreeLifecycleController.lambda$runBuild$5(Ljava/util/function/Supplier;)Ljava/lang/Object;+1
j  org.gradle.internal.buildtree.DefaultBuildTreeLifecycleController$$Lambda+0x0000000100590958.get()Ljava/lang/Object;+8
j  org.gradle.internal.model.StateTransitionController.lambda$transition$7(Ljava/util/function/Supplier;)Lorg/gradle/internal/build/ExecutionResult;+1
j  org.gradle.internal.model.StateTransitionController$$Lambda+0x0000000100590e08.get()Ljava/lang/Object;+4
j  org.gradle.internal.model.StateTransitionController.doTransition(Lorg/gradle/internal/model/StateTransitionController$State;Lorg/gradle/internal/model/StateTransitionController$State;Ljava/util/function/Supplier;)Lorg/gradle/internal/build/ExecutionResult;+24
j  org.gradle.internal.model.StateTransitionController.lambda$transition$8(Lorg/gradle/internal/model/StateTransitionController$State;Lorg/gradle/internal/model/StateTransitionController$State;Ljava/util/function/Supplier;)Ljava/lang/Object;+9
j  org.gradle.internal.model.StateTransitionController$$Lambda+0x0000000100590bb0.create()Ljava/lang/Object;+16
j  org.gradle.internal.work.DefaultSynchronizer.withLock(Lorg/gradle/internal/Factory;)Ljava/lang/Object;+6
j  org.gradle.internal.model.StateTransitionController.transition(Lorg/gradle/internal/model/StateTransitionController$State;Lorg/gradle/internal/model/StateTransitionController$State;Ljava/util/function/Supplier;)Ljava/lang/Object;+13
j  org.gradle.internal.buildtree.DefaultBuildTreeLifecycleController.runBuild(Ljava/util/function/Supplier;)Ljava/lang/Object;+17
j  org.gradle.internal.buildtree.DefaultBuildTreeLifecycleController.scheduleAndRunTasks(Lorg/gradle/execution/EntryTaskSelector;)V+8
j  org.gradle.internal.buildtree.DefaultBuildTreeLifecycleController.scheduleAndRunTasks()V+2
j  org.gradle.tooling.internal.provider.runner.BuildModelActionRunner.run(Lorg/gradle/internal/invocation/BuildAction;Lorg/gradle/internal/buildtree/BuildTreeLifecycleController;)Lorg/gradle/internal/buildtree/BuildActionRunner$Result;+71
j  org.gradle.launcher.exec.ChainingBuildActionRunner.run(Lorg/gradle/internal/invocation/BuildAction;Lorg/gradle/internal/buildtree/BuildTreeLifecycleController;)Lorg/gradle/internal/buildtree/BuildActionRunner$Result;+34
j  org.gradle.internal.buildtree.ProblemReportingBuildActionRunner.run(Lorg/gradle/internal/invocation/BuildAction;Lorg/gradle/internal/buildtree/BuildTreeLifecycleController;)Lorg/gradle/internal/buildtree/BuildActionRunner$Result;+12
j  org.gradle.launcher.exec.BuildOutcomeReportingBuildActionRunner.run(Lorg/gradle/internal/invocation/BuildAction;Lorg/gradle/internal/buildtree/BuildTreeLifecycleController;)Lorg/gradle/internal/buildtree/BuildActionRunner$Result;+69
j  org.gradle.tooling.internal.provider.FileSystemWatchingBuildActionRunner.run(Lorg/gradle/internal/invocation/BuildAction;Lorg/gradle/internal/buildtree/BuildTreeLifecycleController;)Lorg/gradle/internal/buildtree/BuildActionRunner$Result;+317
j  org.gradle.launcher.exec.BuildCompletionNotifyingBuildActionRunner.run(Lorg/gradle/internal/invocation/BuildAction;Lorg/gradle/internal/buildtree/BuildTreeLifecycleController;)Lorg/gradle/internal/buildtree/BuildActionRunner$Result;+6
j  org.gradle.launcher.exec.RootBuildLifecycleBuildActionExecutor.lambda$execute$0(Lorg/gradle/internal/invocation/BuildAction;Lorg/gradle/internal/buildtree/BuildTreeLifecycleController;)Lorg/gradle/internal/buildtree/BuildActionRunner$Result;+6
j  org.gradle.launcher.exec.RootBuildLifecycleBuildActionExecutor$$Lambda+0x0000000100576550.apply(Ljava/lang/Object;)Ljava/lang/Object;+12
j  org.gradle.composite.internal.DefaultRootBuildState.run(Ljava/util/function/Function;)Ljava/lang/Object;+92
j  org.gradle.launcher.exec.RootBuildLifecycleBuildActionExecutor.execute(Lorg/gradle/internal/invocation/BuildAction;)Lorg/gradle/internal/buildtree/BuildActionRunner$Result;+91
j  org.gradle.launcher.exec.BuildTreeLifecycleBuildActionExecutor.runRootBuildAction(Lorg/gradle/internal/invocation/BuildAction;Lorg/gradle/internal/service/ServiceRegistry;Lorg/gradle/internal/buildtree/BuildActionModelRequirements;Lorg/gradle/internal/buildtree/BuildModelParameters;)Lorg/gradle/internal/buildtree/BuildActionRunner$Result;+42
j  org.gradle.launcher.exec.BuildTreeLifecycleBuildActionExecutor.execute(Lorg/gradle/internal/invocation/BuildAction;Lorg/gradle/internal/session/BuildSessionContext;)Lorg/gradle/internal/buildtree/BuildActionRunner$Result;+50
j  org.gradle.launcher.exec.RunAsBuildOperationBuildActionExecutor$2.call(Lorg/gradle/internal/operations/BuildOperationContext;)Lorg/gradle/internal/buildtree/BuildActionRunner$Result;+25
j  org.gradle.launcher.exec.RunAsBuildOperationBuildActionExecutor$2.call(Lorg/gradle/internal/operations/BuildOperationContext;)Ljava/lang/Object;+2
j  org.gradle.internal.operations.DefaultBuildOperationRunner$CallableBuildOperationWorker.execute(Lorg/gradle/internal/operations/CallableBuildOperation;Lorg/gradle/internal/operations/BuildOperationContext;)V+3
j  org.gradle.internal.operations.DefaultBuildOperationRunner$CallableBuildOperationWorker.execute(Lorg/gradle/internal/operations/BuildOperation;Lorg/gradle/internal/operations/BuildOperationContext;)V+6
j  org.gradle.internal.operations.DefaultBuildOperationRunner$2.execute(Lorg/gradle/internal/operations/BuildOperationDescriptor;Lorg/gradle/internal/operations/BuildOperationState;Lorg/gradle/internal/operations/BuildOperationState;Lorg/gradle/internal/operations/DefaultBuildOperationRunner$ReadableBuildOperationContext;Lorg/gradle/internal/operations/DefaultBuildOperationRunner$BuildOperationExecutionListener;)Lorg/gradle/internal/operations/BuildOperation;+22
j  org.gradle.internal.operations.DefaultBuildOperationRunner$2.execute(Lorg/gradle/internal/operations/BuildOperationDescriptor;Lorg/gradle/internal/operations/BuildOperationState;Lorg/gradle/internal/operations/BuildOperationState;Lorg/gradle/internal/operations/DefaultBuildOperationRunner$ReadableBuildOperationContext;Lorg/gradle/internal/operations/DefaultBuildOperationRunner$BuildOperationExecutionListener;)Ljava/lang/Object;+8
j  org.gradle.internal.operations.DefaultBuildOperationRunner.execute(Lorg/gradle/internal/operations/BuildOperationDescriptor$Builder;Lorg/gradle/internal/operations/DefaultBuildOperationRunner$BuildOperationExecution;)Ljava/lang/Object;+141
j  org.gradle.internal.operations.DefaultBuildOperationRunner.execute(Lorg/gradle/internal/operations/BuildOperation;Lorg/gradle/internal/operations/BuildOperationWorker;)V+17
j  org.gradle.internal.operations.DefaultBuildOperationRunner.call(Lorg/gradle/internal/operations/CallableBuildOperation;)Ljava/lang/Object;+12
j  org.gradle.launcher.exec.RunAsBuildOperationBuildActionExecutor.execute(Lorg/gradle/internal/invocation/BuildAction;Lorg/gradle/internal/session/BuildSessionContext;)Lorg/gradle/internal/buildtree/BuildActionRunner$Result;+23
j  org.gradle.launcher.exec.RunAsWorkerThreadBuildActionExecutor.lambda$execute$0(Lorg/gradle/internal/invocation/BuildAction;Lorg/gradle/internal/session/BuildSessionContext;)Lorg/gradle/internal/buildtree/BuildActionRunner$Result;+6
j  org.gradle.launcher.exec.RunAsWorkerThreadBuildActionExecutor$$Lambda+0x00000001003aa8e0.create()Ljava/lang/Object;+12
j  org.gradle.internal.work.DefaultWorkerLeaseService.lambda$withLocksAcquired$0(Lorg/gradle/internal/Factory;Ljava/util/Collection;)Ljava/lang/Object;+1
j  org.gradle.internal.work.DefaultWorkerLeaseService$$Lambda+0x00000001003ac4b8.create()Ljava/lang/Object;+12
j  org.gradle.internal.work.ResourceLockStatistics$1.measure(Ljava/lang/String;Ljava/lang/Iterable;Lorg/gradle/internal/Factory;)Ljava/lang/Object;+1
j  org.gradle.internal.work.DefaultWorkerLeaseService.withLocksAcquired(Ljava/util/Collection;Lorg/gradle/internal/Factory;)Ljava/lang/Object;+21
j  org.gradle.internal.work.DefaultWorkerLeaseService.withLocks(Ljava/util/Collection;Lorg/gradle/internal/Factory;)Ljava/lang/Object;+25
j  org.gradle.internal.work.DefaultWorkerLeaseService.runAsWorkerThread(Lorg/gradle/internal/Factory;)Ljava/lang/Object;+33
j  org.gradle.launcher.exec.RunAsWorkerThreadBuildActionExecutor.execute(Lorg/gradle/internal/invocation/BuildAction;Lorg/gradle/internal/session/BuildSessionContext;)Lorg/gradle/internal/buildtree/BuildActionRunner$Result;+12
j  org.gradle.tooling.internal.provider.continuous.ContinuousBuildActionExecutor.execute(Lorg/gradle/internal/invocation/BuildAction;Lorg/gradle/internal/session/BuildSessionContext;)Lorg/gradle/internal/buildtree/BuildActionRunner$Result;+58
j  org.gradle.tooling.internal.provider.SubscribableBuildActionExecutor.execute(Lorg/gradle/internal/invocation/BuildAction;Lorg/gradle/internal/session/BuildSessionContext;)Lorg/gradle/internal/buildtree/BuildActionRunner$Result;+30
j  org.gradle.internal.session.DefaultBuildSessionContext.execute(Lorg/gradle/internal/invocation/BuildAction;)Lorg/gradle/internal/buildtree/BuildActionRunner$Result;+64
j  org.gradle.internal.buildprocess.execution.BuildSessionLifecycleBuildActionExecutor$ActionImpl.apply(Lorg/gradle/internal/session/BuildSessionContext;)Lorg/gradle/launcher/exec/BuildActionResult;+6
j  org.gradle.internal.buildprocess.execution.BuildSessionLifecycleBuildActionExecutor$ActionImpl.apply(Ljava/lang/Object;)Ljava/lang/Object;+5
j  org.gradle.internal.session.BuildSessionState.run(Ljava/util/function/Function;)Ljava/lang/Object;+5
j  org.gradle.internal.buildprocess.execution.BuildSessionLifecycleBuildActionExecutor.execute(Lorg/gradle/internal/invocation/BuildAction;Lorg/gradle/launcher/exec/BuildActionParameters;Lorg/gradle/initialization/BuildRequestContext;)Lorg/gradle/launcher/exec/BuildActionResult;+105
j  org.gradle.internal.buildprocess.execution.BuildSessionLifecycleBuildActionExecutor.execute(Lorg/gradle/internal/invocation/BuildAction;Ljava/lang/Object;Ljava/lang/Object;)Lorg/gradle/launcher/exec/BuildActionResult;+10
j  org.gradle.internal.buildprocess.execution.StartParamsValidatingActionExecutor.execute(Lorg/gradle/internal/invocation/BuildAction;Lorg/gradle/launcher/exec/BuildActionParameters;Lorg/gradle/initialization/BuildRequestContext;)Lorg/gradle/launcher/exec/BuildActionResult;+142
j  org.gradle.internal.buildprocess.execution.StartParamsValidatingActionExecutor.execute(Lorg/gradle/internal/invocation/BuildAction;Ljava/lang/Object;Ljava/lang/Object;)Lorg/gradle/launcher/exec/BuildActionResult;+10
j  org.gradle.internal.buildprocess.execution.SessionFailureReportingActionExecutor.execute(Lorg/gradle/internal/invocation/BuildAction;Lorg/gradle/launcher/exec/BuildActionParameters;Lorg/gradle/initialization/BuildRequestContext;)Lorg/gradle/launcher/exec/BuildActionResult;+7
j  org.gradle.internal.buildprocess.execution.SessionFailureReportingActionExecutor.execute(Lorg/gradle/internal/invocation/BuildAction;Ljava/lang/Object;Ljava/lang/Object;)Lorg/gradle/launcher/exec/BuildActionResult;+10
j  org.gradle.internal.buildprocess.execution.SetupLoggingActionExecutor.execute(Lorg/gradle/internal/invocation/BuildAction;Lorg/gradle/launcher/exec/BuildActionParameters;Lorg/gradle/initialization/BuildRequestContext;)Lorg/gradle/launcher/exec/BuildActionResult;+50
j  org.gradle.internal.buildprocess.execution.SetupLoggingActionExecutor.execute(Lorg/gradle/internal/invocation/BuildAction;Ljava/lang/Object;Ljava/lang/Object;)Lorg/gradle/launcher/exec/BuildActionResult;+10
j  org.gradle.launcher.daemon.server.exec.ExecuteBuild.doBuild(Lorg/gradle/launcher/daemon/server/api/DaemonCommandExecution;Lorg/gradle/launcher/daemon/protocol/Build;)V+147
j  org.gradle.launcher.daemon.server.exec.BuildCommandOnly.execute(Lorg/gradle/launcher/daemon/server/api/DaemonCommandExecution;)V+49
j  org.gradle.launcher.daemon.server.api.DaemonCommandExecution.proceed()Z+23
j  org.gradle.launcher.daemon.server.exec.WatchForDisconnection.execute(Lorg/gradle/launcher/daemon/server/api/DaemonCommandExecution;)V+19
j  org.gradle.launcher.daemon.server.api.DaemonCommandExecution.proceed()Z+23
j  org.gradle.launcher.daemon.server.exec.ResetDeprecationLogger.execute(Lorg/gradle/launcher/daemon/server/api/DaemonCommandExecution;)V+7
j  org.gradle.launcher.daemon.server.api.DaemonCommandExecution.proceed()Z+23
j  org.gradle.launcher.daemon.server.exec.RequestStopIfSingleUsedDaemon.execute(Lorg/gradle/launcher/daemon/server/api/DaemonCommandExecution;)V+33
j  org.gradle.launcher.daemon.server.api.DaemonCommandExecution.proceed()Z+23
j  org.gradle.launcher.daemon.server.exec.ForwardClientInput.lambda$execute$0(Lorg/gradle/launcher/daemon/server/api/DaemonCommandExecution;Lorg/gradle/internal/daemon/clientinput/StdinHandler;)Ljava/lang/Object;+11
j  org.gradle.launcher.daemon.server.exec.ForwardClientInput$$Lambda+0x0000000100296778.apply(Ljava/lang/Object;)Ljava/lang/Object;+8
j  org.gradle.internal.daemon.clientinput.ClientInputForwarder.forwardInput(Ljava/util/function/Function;)Ljava/lang/Object;+46
j  org.gradle.launcher.daemon.server.exec.ForwardClientInput.execute(Lorg/gradle/launcher/daemon/server/api/DaemonCommandExecution;)V+10
j  org.gradle.launcher.daemon.server.api.DaemonCommandExecution.proceed()Z+23
j  org.gradle.launcher.daemon.server.exec.LogAndCheckHealth.execute(Lorg/gradle/launcher/daemon/server/api/DaemonCommandExecution;)V+51
j  org.gradle.launcher.daemon.server.api.DaemonCommandExecution.proceed()Z+23
j  org.gradle.launcher.daemon.server.exec.LogToClient.doBuild(Lorg/gradle/launcher/daemon/server/api/DaemonCommandExecution;Lorg/gradle/launcher/daemon/protocol/Build;)V+87
j  org.gradle.launcher.daemon.server.exec.BuildCommandOnly.execute(Lorg/gradle/launcher/daemon/server/api/DaemonCommandExecution;)V+49
j  org.gradle.launcher.daemon.server.api.DaemonCommandExecution.proceed()Z+23
j  org.gradle.launcher.daemon.server.exec.EstablishBuildEnvironment.doBuild(Lorg/gradle/launcher/daemon/server/api/DaemonCommandExecution;Lorg/gradle/launcher/daemon/protocol/Build;)V+356
j  org.gradle.launcher.daemon.server.exec.BuildCommandOnly.execute(Lorg/gradle/launcher/daemon/server/api/DaemonCommandExecution;)V+49
j  org.gradle.launcher.daemon.server.api.DaemonCommandExecution.proceed()Z+23
j  org.gradle.launcher.daemon.server.exec.StartBuildOrRespondWithBusy$1.run()V+44
j  org.gradle.launcher.daemon.server.DaemonStateCoordinator.lambda$runCommand$0(Ljava/lang/Runnable;)V+1
j  org.gradle.launcher.daemon.server.DaemonStateCoordinator$$Lambda+0x0000000100295158.run()V+8
j  org.gradle.internal.concurrent.ExecutorPolicy$CatchAndRecordFailures.onExecute(Ljava/lang/Runnable;)V+1
j  org.gradle.internal.concurrent.AbstractManagedExecutor$1.run()V+25
j  java.util.concurrent.ThreadPoolExecutor.runWorker(Ljava/util/concurrent/ThreadPoolExecutor$Worker;)V+92 java.base@21.0.10
j  java.util.concurrent.ThreadPoolExecutor$Worker.run()V+5 java.base@21.0.10
j  java.lang.Thread.runWith(Ljava/lang/Object;Ljava/lang/Runnable;)V+5 java.base@21.0.10
j  java.lang.Thread.run()V+19 java.base@21.0.10
v  ~StubRoutines::call_stub 0x000002161511100d

Compiled method (n/a) 28446  919     n 0       java.lang.ClassLoader::defineClass1 (native)
 total in heap  [0x0000021615711010,0x00000216157115a0] = 1424
 relocation     [0x0000021615711170,0x00000216157111a8] = 56
 main code      [0x00000216157111c0,0x0000021615711599] = 985
 stub code      [0x0000021615711599,0x00000216157115a0] = 7

[Constant Pool (empty)]

[MachCode]
[Entry Point]
  # {method} {0x0000021623025040} 'defineClass1' '(Ljava/lang/ClassLoader;Ljava/lang/String;[BIILjava/security/ProtectionDomain;Ljava/lang/String;)Ljava/lang/Class;' in 'java/lang/ClassLoader'
  # parm0:    rdx:rdx   = 'java/lang/ClassLoader'
  # parm1:    r8:r8     = 'java/lang/String'
  # parm2:    r9:r9     = '[B'
  # parm3:    rdi       = int
  # parm4:    rsi       = int
  # parm5:    rcx:rcx   = 'java/security/ProtectionDomain'
  # parm6:    [sp+0xa0]   = 'java/lang/String'  (sp of caller)
  0x00000216157111c0: 448b 5208 | 49c1 e203 | 493b c20f | 8407 0000 

  0x00000216157111d0: ;   {runtime_call ic_miss_stub}
  0x00000216157111d0: 00e9 aad5 | a4ff 6690 
[Verified Entry Point]
  0x00000216157111d8: 8984 2400 | 80ff ff55 | 488b ec48 | 81ec 9000 | 0000 6690 | 4181 7f20 | 0500 0000 

  0x00000216157111f4: ;   {runtime_call StubRoutines (final stubs)}
  0x00000216157111f4: 7405 e805 | a5a3 ff48 | 837d 1000 | 488d 4510 | 480f 4445 | 1048 8944 | 2440 4889 | 4c24 7048 
  0x0000021615711214: 83f9 0048 | 8d44 2470 | 480f 4444 | 2470 4889 | 4424 3848 | 8974 2430 | 4889 7c24 | 284c 894c 
  0x0000021615711234: 2458 4983 | f900 488d | 4424 5848 | 0f44 4424 | 5848 8944 | 2420 4c89 | 4424 5049 | 83f8 004c 
  0x0000021615711254: 8d4c 2450 | 4c0f 444c | 2450 4889 | 5424 4848 | 83fa 004c | 8d44 2448 | 4c0f 4444 

  0x0000021615711270: ;   {oop(a 'java/lang/Class'{0x00000000809d31b8} = 'java/lang/ClassLoader')}
  0x0000021615711270: 2448 49be | b831 9d80 | 0000 0000 | 4c89 7424 | 784c 8d74 | 2478 498b | d6c5 f877 

  0x000002161571128c: ;   {internal_word}
  0x000002161571128c: 49ba 8912 | 7115 1602 | 0000 4d89 | 97a8 0300 | 0049 89a7 | a003 0000 

  0x00000216157112a4: ;   {external_word}
  0x00000216157112a4: 49ba a8fa | bd56 fb7f | 0000 4180 | 3a00 0f84 | 4e00 0000 | 5241 5041 

  0x00000216157112bc: ;   {metadata({method} {0x0000021623025040} 'defineClass1' '(Ljava/lang/ClassLoader;Ljava/lang/String;[BIILjava/security/ProtectionDomain;Ljava/lang/String;)Ljava/lang/Class;' in 'java/lang/ClassLoader')}
  0x00000216157112bc: 5148 ba38 | 5002 2316 | 0200 0049 | 8bcf 4883 | ec20 40f6 | c40f 0f84 | 1900 0000 | 4883 ec08 
  0x00000216157112dc: ;   {runtime_call}
  0x00000216157112dc: 48b8 30e9 | 7756 fb7f | 0000 ffd0 | 4883 c408 | e90c 0000 

  0x00000216157112f0: ;   {runtime_call}
  0x00000216157112f0: 0048 b830 | e977 56fb | 7f00 00ff | d048 83c4 | 2041 5941 | 585a 498d | 8fc0 0300 | 0041 c787 
  0x0000021615711310: 4c04 0000 | 0400 0000 

  0x0000021615711318: ;   {runtime_call}
  0x0000021615711318: 48b8 ac16 | 0296 fb7f | 0000 ffd0 | c5f8 7741 | c787 4c04 | 0000 0500 | 0000 f083 | 4424 c000 
  0x0000021615711338: 493b af50 | 0400 000f | 870e 0000 | 0041 83bf | 4804 0000 | 000f 842b | 0000 00c5 | f877 4889 
  0x0000021615711358: 45f8 498b | cf4c 8be4 | 4883 ec20 | 4883 e4f0 

  0x0000021615711368: ;   {runtime_call}
  0x0000021615711368: 48b8 e01e | 4356 fb7f | 0000 ffd0 | 498b e44d | 33e4 488b | 45f8 41c7 | 874c 0400 | 0008 0000 
  0x0000021615711388: 0041 83bf | c804 0000 | 020f 84d5 

  0x0000021615711394: ;   {external_word}
  0x0000021615711394: 0100 0049 | baa8 fabd | 56fb 7f00 | 0041 803a | 000f 844c | 0000 0048 

  0x00000216157113ac: ;   {metadata({method} {0x0000021623025040} 'defineClass1' '(Ljava/lang/ClassLoader;Ljava/lang/String;[BIILjava/security/ProtectionDomain;Ljava/lang/String;)Ljava/lang/Class;' in 'java/lang/ClassLoader')}
  0x00000216157113ac: 8945 f848 | ba38 5002 | 2316 0200 | 0049 8bcf | 4883 ec20 | 40f6 c40f | 0f84 1900 | 0000 4883 
  0x00000216157113cc: ;   {runtime_call}
  0x00000216157113cc: ec08 48b8 | 30e9 7756 | fb7f 0000 | ffd0 4883 | c408 e90c 

  0x00000216157113e0: ;   {runtime_call}
  0x00000216157113e0: 0000 0048 | b830 e977 | 56fb 7f00 | 00ff d048 | 83c4 2048 | 8b45 f849 | c787 a003 | 0000 0000 
  0x0000021615711400: 0000 49c7 | 87a8 0300 | 0000 0000 | 00c5 f877 | 4885 c00f | 8430 0100 | 00a8 030f | 8508 0000 
  0x0000021615711420: 0048 8b00 | e920 0100 | 00a8 010f | 8509 0000 | 0048 8b40 | fee9 0f01 | 0000 488b | 40ff 4180 
  0x0000021615711440: 7f40 000f | 8400 0100 | 0048 83f8 | 000f 84f6 | 0000 0049 | 8b4f 2848 | 83f9 000f | 8414 0000 
  0x0000021615711460: 0048 83e9 | 0849 894f | 2849 034f | 3848 8901 | e9d4 0000 | 0048 83ec | 7048 8904 | 2448 894c 
  0x0000021615711480: 2408 4889 | 5424 104c | 8944 2418 | 4c89 4c24 | 204c 8954 | 2428 4c89 | 5c24 30c5 | fb11 4424 
  0x00000216157114a0: 40c5 fb11 | 4c24 48c5 | fb11 5424 | 50c5 fb11 | 5c24 58c5 | fb11 6424 | 60c5 fb11 | 6c24 6849 
  0x00000216157114c0: 8bd7 488b | c848 83ec | 2040 f6c4 | 0f0f 8419 | 0000 0048 

  0x00000216157114d4: ;   {runtime_call}
  0x00000216157114d4: 83ec 0848 | b800 2a36 | 56fb 7f00 | 00ff d048 | 83c4 08e9 | 0c00 0000 

  0x00000216157114ec: ;   {runtime_call}
  0x00000216157114ec: 48b8 002a | 3656 fb7f | 0000 ffd0 | 4883 c420 | c5fb 106c | 2468 c5fb | 1064 2460 | c5fb 105c 
  0x000002161571150c: 2458 c5fb | 1054 2450 | c5fb 104c | 2448 c5fb | 1044 2440 | 4c8b 5c24 | 304c 8b54 | 2428 4c8b 
  0x000002161571152c: 4c24 204c | 8b44 2418 | 488b 5424 | 1048 8b4c | 2408 488b | 0424 4883 | c470 c5f8 | 7749 8b8f 
  0x000002161571154c: 3004 0000 | c781 0001 | 0000 0000 | 0000 c949 | 837f 0800 | 0f85 0100 

  0x0000021615711564: ;   {runtime_call StubRoutines (initial stubs)}
  0x0000021615711564: 0000 c3e9 | 94f9 9fff | c5f8 7748 | 8945 f84c | 8be4 4883 | ec20 4883 

  0x000002161571157c: ;   {runtime_call}
  0x000002161571157c: e4f0 48b8 | 8020 7856 | fb7f 0000 | ffd0 498b | e44d 33e4 | 488b 45f8 | e9fe fdff | fff4 f4f4 
  0x000002161571159c: f4f4 f4f4 
[/MachCode]


Compiled method (c1) 28471 1347       3       java.lang.ClassLoader::defineClass (43 bytes)
 total in heap  [0x000002160de36c10,0x000002160de37578] = 2408
 relocation     [0x000002160de36d70,0x000002160de36e10] = 160
 main code      [0x000002160de36e20,0x000002160de372b0] = 1168
 stub code      [0x000002160de372b0,0x000002160de37328] = 120
 metadata       [0x000002160de37328,0x000002160de37368] = 64
 scopes data    [0x000002160de37368,0x000002160de37458] = 240
 scopes pcs     [0x000002160de37458,0x000002160de37538] = 224
 dependencies   [0x000002160de37538,0x000002160de37550] = 24
 nul chk table  [0x000002160de37550,0x000002160de37578] = 40

[Constant Pool (empty)]

[MachCode]
[Entry Point]
  # {method} {0x0000021623024e60} 'defineClass' '(Ljava/lang/String;[BIILjava/security/ProtectionDomain;)Ljava/lang/Class;' in 'java/lang/ClassLoader'
  # this:     rdx:rdx   = 'java/lang/ClassLoader'
  # parm0:    r8:r8     = 'java/lang/String'
  # parm1:    r9:r9     = '[B'
  # parm2:    rdi       = int
  # parm3:    rsi       = int
  # parm4:    rcx:rcx   = 'java/security/ProtectionDomain'
  #           [sp+0xc0]  (sp of caller)
  0x000002160de36e20: 448b 5208 | 49c1 e203 

  0x000002160de36e28: ;   {runtime_call ic_miss_stub}
  0x000002160de36e28: 4c3b d00f | 854f 7932 | 0766 6666 | 0f1f 8400 | 0000 0000 | 6666 6690 
[Verified Entry Point]
  0x000002160de36e40: 8984 2400 | 80ff ff55 | 4881 ecb0 | 0000 0090 | 4181 7f20 | 0500 0000 

  0x000002160de36e58: ;   {runtime_call StubRoutines (final stubs)}
  0x000002160de36e58: 7405 e8a1 | 4831 0748 | 8954 2478 

  0x000002160de36e64: ;   {metadata(method data for {method} {0x0000021623024e60} 'defineClass' '(Ljava/lang/String;[BIILjava/security/ProtectionDomain;)Ljava/lang/Class;' in 'java/lang/ClassLoader')}
  0x000002160de36e64: 48bb a8b3 | 9f23 1602 | 0000 8b83 | cc00 0000 | 83c0 0289 | 83cc 0000 | 0025 fe07 | 0000 85c0 
  0x000002160de36e84: 0f84 4803 | 0000 89b4 | 2494 0000 | 0089 bc24 | 9000 0000 | 4c89 8c24 | 8800 0000 

  0x000002160de36ea0: ;   {metadata(method data for {method} {0x0000021623024e60} 'defineClass' '(Ljava/lang/String;[BIILjava/security/ProtectionDomain;)Ljava/lang/Class;' in 'java/lang/ClassLoader')}
  0x000002160de36ea0: 488b da48 | b8a8 b39f | 2316 0200 | 0048 8380 | 1001 0000 | 0149 8bd8 | 4c8b c34c | 8bc9 488b 
  0x000002160de36ec0: ca48 8bd1 | 4889 9c24 | 8000 0000 

  0x000002160de36ecc: ;   {optimized virtual_call}
  0x000002160de36ecc: 6666 90e8 

  0x000002160de36ed0: ; ImmutableOopMap {[120]=Oop [128]=Oop [136]=Oop }
                      ;*invokevirtual preDefineClass {reexecute=0 rethrow=0 return_oop=0}
                      ; - java.lang.ClassLoader::defineClass@4
  0x000002160de36ed0: 4c95 feff 

  0x000002160de36ed4: ;   {other}
  0x000002160de36ed4: 0f1f 8400 | c402 0000 | 4889 8424 | 9800 0000 | 488b 5424 

  0x000002160de36ee8: ;   {metadata(method data for {method} {0x0000021623024e60} 'defineClass' '(Ljava/lang/String;[BIILjava/security/ProtectionDomain;)Ljava/lang/Class;' in 'java/lang/ClassLoader')}
  0x000002160de36ee8: 7849 b8a8 | b39f 2316 | 0200 0049 | 8380 4801 

  0x000002160de36ef8: ;   {metadata(method data for {method} {0x0000021623024c80} 'defineClassSourceLocation' '(Ljava/security/ProtectionDomain;)Ljava/lang/String;' in 'java/lang/ClassLoader')}
  0x000002160de36ef8: 0000 0149 | b850 74b0 | 2316 0200 | 0041 8b90 | cc00 0000 | 83c2 0241 | 8990 cc00 | 0000 81e2 
  0x000002160de36f18: feff 1f00 | 85d2 0f84 | cf02 0000 

  0x000002160de36f24: ; implicit exception: dispatches to 0x000002160de37214
  0x000002160de36f24: 483b 004c 

  0x000002160de36f28: ;   {metadata(method data for {method} {0x0000021623024c80} 'defineClassSourceLocation' '(Ljava/security/ProtectionDomain;)Ljava/lang/String;' in 'java/lang/ClassLoader')}
  0x000002160de36f28: 8bc0 48ba | 5074 b023 | 1602 0000 | 4883 8210 | 0100 0001 | 448b 4010 

  0x000002160de36f40: ;   {metadata(method data for {method} {0x0000021623024c80} 'defineClassSourceLocation' '(Ljava/security/ProtectionDomain;)Ljava/lang/String;' in 'java/lang/ClassLoader')}
  0x000002160de36f40: 4d85 c048 | ba50 74b0 | 2316 0200 | 0048 c7c6 | 5801 0000 | 7507 48c7 | c648 0100 | 0048 8b3c 
  0x000002160de36f60: 3248 8d7f | 0148 893c | 320f 850f 

  0x000002160de36f6c: ;   {oop(nullptr)}
  0x000002160de36f6c: 0000 0048 | bb00 0000 | 0000 0000 | 00e9 9901 | 0000 493b | 0049 8bd0 

  0x000002160de36f84: ;   {metadata(method data for {method} {0x0000021623024c80} 'defineClassSourceLocation' '(Ljava/security/ProtectionDomain;)Ljava/lang/String;' in 'java/lang/ClassLoader')}
  0x000002160de36f84: 48be 5074 | b023 1602 | 0000 4883 | 8668 0100 | 0001 418b | 500c 4885 

  0x000002160de36f9c: ;   {metadata(method data for {method} {0x0000021623024c80} 'defineClassSourceLocation' '(Ljava/security/ProtectionDomain;)Ljava/lang/String;' in 'java/lang/ClassLoader')}
  0x000002160de36f9c: d248 be50 | 74b0 2316 | 0200 0048 | c7c7 b001 | 0000 7507 | 48c7 c7a0 | 0100 0048 | 8b1c 3e48 
  0x000002160de36fbc: 8d5b 0148 | 891c 3e0f | 850f 0000 

  0x000002160de36fc8: ;   {oop(nullptr)}
  0x000002160de36fc8: 0048 bb00 | 0000 0000 | 0000 00e9 | 3f01 0000 

  0x000002160de36fd8: ;   {metadata(method data for {method} {0x0000021623024c80} 'defineClassSourceLocation' '(Ljava/security/ProtectionDomain;)Ljava/lang/String;' in 'java/lang/ClassLoader')}
  0x000002160de36fd8: 48be 5074 | b023 1602 | 0000 4883 | 86c0 0100 | 0001 483b | 024c 8bc2 

  0x000002160de36ff0: ;   {metadata(method data for {method} {0x0000021623024c80} 'defineClassSourceLocation' '(Ljava/security/ProtectionDomain;)Ljava/lang/String;' in 'java/lang/ClassLoader')}
  0x000002160de36ff0: 48be 5074 | b023 1602 | 0000 4883 | 86f8 0100 

  0x000002160de37000: ;   {metadata(method data for {method} {0x00000216230f5d98} 'toString' '()Ljava/lang/String;' in 'java/net/URL')}
  0x000002160de37000: 0001 49b8 | 98fb 7f23 | 1602 0000 | 418b b0cc | 0000 0083 | c602 4189 | b0cc 0000 | 0081 e6fe 
  0x000002160de37020: ff1f 0085 | f60f 84f8 | 0100 004c 

  0x000002160de3702c: ;   {metadata(method data for {method} {0x00000216230f5d98} 'toString' '()Ljava/lang/String;' in 'java/net/URL')}
  0x000002160de3702c: 8bc2 48be | 98fb 7f23 | 1602 0000 | 4883 8610 | 0100 0001 

  0x000002160de37040: ;   {metadata(method data for {method} {0x00000216230f5e50} 'toExternalForm' '()Ljava/lang/String;' in 'java/net/URL')}
  0x000002160de37040: 49b8 20fd | 7f23 1602 | 0000 418b | b0cc 0000 | 0083 c602 | 4189 b0cc | 0000 0081 | e6fe ff1f 
  0x000002160de37060: 0085 f60f | 84db 0100 | 008b 7238 

  0x000002160de3706c: ; implicit exception: dispatches to 0x000002160de37265
  0x000002160de3706c: 483b 064c 

  0x000002160de37070: ;   {metadata(method data for {method} {0x00000216230f5e50} 'toExternalForm' '()Ljava/lang/String;' in 'java/net/URL')}
  0x000002160de37070: 8bc6 48bf | 20fd 7f23 | 1602 0000 | 458b 4008 | 49c1 e003 | 4c3b 8720 | 0100 0075 | 0d48 8387 
  0x000002160de37090: 2801 0000 | 01e9 6000 | 0000 4c3b | 8730 0100 | 0075 0d48 | 8387 3801 | 0000 01e9 | 4a00 0000 
  0x000002160de370b0: 4883 bf20 | 0100 0000 | 7517 4c89 | 8720 0100 | 0048 c787 | 2801 0000 | 0100 0000 | e929 0000 
  0x000002160de370d0: 0048 83bf | 3001 0000 | 0075 174c | 8987 3001 | 0000 48c7 | 8738 0100 | 0001 0000 | 00e9 0800 
  0x000002160de370f0: 0000 4883 | 8710 0100 | 0001 4c8b | c248 8bd6 | 0f1f 8000 

  0x000002160de37104: ;   {optimized virtual_call}
  0x000002160de37104: 0000 00e8 

  0x000002160de37108: ; ImmutableOopMap {[120]=Oop [128]=Oop [136]=Oop [152]=Oop }
                      ;*invokevirtual toExternalForm {reexecute=0 rethrow=0 return_oop=0}
                      ; - java.net.URL::toExternalForm@5
                      ; - java.net.URL::toString@1
                      ; - java.lang.ClassLoader::defineClassSourceLocation@22
                      ; - java.lang.ClassLoader::defineClass@12
  0x000002160de37108: 9429 f2ff 

  0x000002160de3710c: ;   {other}
  0x000002160de3710c: 0f1f 8400 | fc04 0001 | 488b d848 | 8b84 2498 | 0000 008b | b424 9400 | 0000 8bbc | 2490 0000 
  0x000002160de3712c: 004c 8b8c | 2488 0000 | 004c 8b84 | 2480 0000 | 0048 8b54 

  0x000002160de37140: ;   {metadata(method data for {method} {0x0000021623024e60} 'defineClass' '(Ljava/lang/String;[BIILjava/security/ProtectionDomain;)Ljava/lang/Class;' in 'java/lang/ClassLoader')}
  0x000002160de37140: 2478 48b9 | a8b3 9f23 | 1602 0000 | 4883 8180 | 0100 0001 | 4c8b da49 | 8bd3 488b | c848 891c 
  0x000002160de37160: 2466 0f1f 

  0x000002160de37164: ;   {static_call}
  0x000002160de37164: 4400 00e8 

  0x000002160de37168: ; ImmutableOopMap {[120]=Oop [152]=Oop }
                      ;*invokestatic defineClass1 {reexecute=0 rethrow=0 return_oop=0}
                      ; - java.lang.ClassLoader::defineClass@27
  0x000002160de37168: 6ca0 8d07 

  0x000002160de3716c: ;   {other}
  0x000002160de3716c: 0f1f 8400 | 5c05 0002 | 488b 5424 

  0x000002160de37178: ;   {metadata(method data for {method} {0x0000021623024e60} 'defineClass' '(Ljava/lang/String;[BIILjava/security/ProtectionDomain;)Ljava/lang/Class;' in 'java/lang/ClassLoader')}
  0x000002160de37178: 7849 b8a8 | b39f 2316 | 0200 0049 | 8380 9001 | 0000 014c | 8bc0 4c8b | 8c24 9800 | 0000 488b 
  0x000002160de37198: 5424 7848 | 8984 24a0 | 0000 000f 

  0x000002160de371a4: ;   {optimized virtual_call}
  0x000002160de371a4: 1f40 00e8 

  0x000002160de371a8: ; ImmutableOopMap {[160]=Oop }
                      ;*invokevirtual postDefineClass {reexecute=0 rethrow=0 return_oop=0}
                      ; - java.lang.ClassLoader::defineClass@37
  0x000002160de371a8: f405 0000 

  0x000002160de371ac: ;   {other}
  0x000002160de371ac: 0f1f 8400 | 9c05 0003 | 488b 8424 | a000 0000 | 4881 c4b0 | 0000 005d 

  0x000002160de371c4: ;   {poll_return}
  0x000002160de371c4: 493b a750 | 0400 000f | 8799 0000 

  0x000002160de371d0: ;   {metadata({method} {0x0000021623024e60} 'defineClass' '(Ljava/lang/String;[BIILjava/security/ProtectionDomain;)Ljava/lang/Class;' in 'java/lang/ClassLoader')}
  0x000002160de371d0: 00c3 49ba | 584e 0223 | 1602 0000 | 4c89 5424 | 0848 c704 | 24ff ffff 

  0x000002160de371e8: ;   {runtime_call counter_overflow Runtime1 stub}
  0x000002160de371e8: ffe8 1242 

  0x000002160de371ec: ; ImmutableOopMap {rdx=Oop r8=Oop r9=Oop rcx=Oop [120]=Oop }
                      ;*synchronization entry
                      ; - java.lang.ClassLoader::defineClass@-1
  0x000002160de371ec: 3e07 e997 

  0x000002160de371f0: ;   {metadata({method} {0x0000021623024c80} 'defineClassSourceLocation' '(Ljava/security/ProtectionDomain;)Ljava/lang/String;' in 'java/lang/ClassLoader')}
  0x000002160de371f0: fcff ff49 | ba78 4c02 | 2316 0200 | 004c 8954 | 2408 48c7 | 0424 ffff 

  0x000002160de37208: ;   {runtime_call counter_overflow Runtime1 stub}
  0x000002160de37208: ffff e8f1 

  0x000002160de3720c: ; ImmutableOopMap {rax=Oop [120]=Oop [128]=Oop [136]=Oop [152]=Oop }
                      ;*synchronization entry
                      ; - java.lang.ClassLoader::defineClassSourceLocation@-1
                      ; - java.lang.ClassLoader::defineClass@12
  0x000002160de3720c: 413e 07e9 | 10fd ffff 

  0x000002160de37214: ;   {runtime_call throw_null_pointer_exception Runtime1 stub}
  0x000002160de37214: e8e7 f03d 

  0x000002160de37218: ; ImmutableOopMap {rax=Oop [120]=Oop [128]=Oop [136]=Oop [152]=Oop }
                      ;*invokevirtual getCodeSource {reexecute=0 rethrow=0 return_oop=0}
                      ; - java.lang.ClassLoader::defineClassSourceLocation@1
                      ; - java.lang.ClassLoader::defineClass@12
                      ;   {runtime_call throw_null_pointer_exception Runtime1 stub}
  0x000002160de37218: 07e8 e2f0 

  0x000002160de3721c: ; ImmutableOopMap {rax=Oop r8=Oop [120]=Oop [128]=Oop [136]=Oop [152]=Oop }
                      ;*invokevirtual getLocation {reexecute=0 rethrow=0 return_oop=0}
                      ; - java.lang.ClassLoader::defineClassSourceLocation@12
                      ; - java.lang.ClassLoader::defineClass@12
                      ;   {runtime_call throw_null_pointer_exception Runtime1 stub}
  0x000002160de3721c: 3d07 e8dd 

  0x000002160de37220: ; ImmutableOopMap {rdx=Oop [120]=Oop [128]=Oop [136]=Oop [152]=Oop }
                      ;*invokevirtual toString {reexecute=0 rethrow=0 return_oop=0}
                      ; - java.lang.ClassLoader::defineClassSourceLocation@22
                      ; - java.lang.ClassLoader::defineClass@12
                      ;   {metadata({method} {0x00000216230f5d98} 'toString' '()Ljava/lang/String;' in 'java/net/URL')}
  0x000002160de37220: f03d 0749 | ba90 5d0f | 2316 0200 | 004c 8954 | 2408 48c7 | 0424 ffff 

  0x000002160de37238: ;   {runtime_call counter_overflow Runtime1 stub}
  0x000002160de37238: ffff e8c1 

  0x000002160de3723c: ; ImmutableOopMap {rdx=Oop [120]=Oop [128]=Oop [136]=Oop [152]=Oop }
                      ;*synchronization entry
                      ; - java.net.URL::toString@-1
                      ; - java.lang.ClassLoader::defineClassSourceLocation@22
                      ; - java.lang.ClassLoader::defineClass@12
  0x000002160de3723c: 413e 07e9 | e7fd ffff 

  0x000002160de37244: ;   {metadata({method} {0x00000216230f5e50} 'toExternalForm' '()Ljava/lang/String;' in 'java/net/URL')}
  0x000002160de37244: 49ba 485e | 0f23 1602 | 0000 4c89 | 5424 0848 | c704 24ff 

  0x000002160de37258: ;   {runtime_call counter_overflow Runtime1 stub}
  0x000002160de37258: ffff ffe8 

  0x000002160de3725c: ; ImmutableOopMap {rdx=Oop [120]=Oop [128]=Oop [136]=Oop [152]=Oop }
                      ;*synchronization entry
                      ; - java.net.URL::toExternalForm@-1
                      ; - java.net.URL::toString@1
                      ; - java.lang.ClassLoader::defineClassSourceLocation@22
                      ; - java.lang.ClassLoader::defineClass@12
  0x000002160de3725c: a041 3e07 | e904 feff 

  0x000002160de37264: ;   {runtime_call throw_null_pointer_exception Runtime1 stub}
  0x000002160de37264: ffe8 96f0 

  0x000002160de37268: ; ImmutableOopMap {rdx=Oop rsi=Oop [120]=Oop [128]=Oop [136]=Oop [152]=Oop }
                      ;*invokevirtual toExternalForm {reexecute=0 rethrow=0 return_oop=0}
                      ; - java.net.URL::toExternalForm@5
                      ; - java.net.URL::toString@1
                      ; - java.lang.ClassLoader::defineClassSourceLocation@22
                      ; - java.lang.ClassLoader::defineClass@12
                      ;   {internal_word}
  0x000002160de37268: 3d07 49ba | c471 e30d | 1602 0000 | 4d89 9768 

  0x000002160de37278: ;   {runtime_call SafepointBlob}
  0x000002160de37278: 0400 00e9 | 80e1 3207 | 498b 8700 | 0500 0049 | c787 0005 | 0000 0000 | 0000 49c7 | 8708 0500 
  0x000002160de37298: 0000 0000 | 0048 81c4 | b000 0000 

  0x000002160de372a4: ;   {runtime_call unwind_exception Runtime1 stub}
  0x000002160de372a4: 5de9 56e1 | 3d07 f4f4 | f4f4 f4f4 
[Stub Code]
  0x000002160de372b0: ;   {no_reloc}
  0x000002160de372b0: 0f1f 4400 

  0x000002160de372b4: ;   {static_stub}
  0x000002160de372b4: 0048 bb00 | 0000 0000 

  0x000002160de372bc: ;   {runtime_call nmethod}
  0x000002160de372bc: 0000 00e9 | fbff ffff 

  0x000002160de372c4: ;   {static_stub}
  0x000002160de372c4: 48bb 0000 | 0000 0000 

  0x000002160de372cc: ;   {runtime_call nmethod}
  0x000002160de372cc: 0000 e9fb 

  0x000002160de372d0: ;   {static_stub}
  0x000002160de372d0: ffff ff48 | bb00 0000 | 0000 0000 

  0x000002160de372dc: ;   {runtime_call nmethod}
  0x000002160de372dc: 00e9 fbff 

  0x000002160de372e0: ;   {static_stub}
  0x000002160de372e0: ffff 48bb | 684d 0223 | 1602 0000 

  0x000002160de372ec: ;   {runtime_call I2C/C2I adapters}
  0x000002160de372ec: e971 3b32 

  0x000002160de372f0: ;   {runtime_call handle_exception_from_callee Runtime1 stub}
  0x000002160de372f0: 07e8 0a0e 

  0x000002160de372f4: ;   {external_word}
  0x000002160de372f4: 3e07 48b9 | d061 9856 | fb7f 0000 | 4883 e4f0 

  0x000002160de37304: ;   {runtime_call}
  0x000002160de37304: 48b8 90db | 6656 fb7f | 0000 ffd0 

  0x000002160de37310: ;   {section_word}
  0x000002160de37310: f449 ba11 | 73e3 0d16 | 0200 0041 

  0x000002160de3731c: ;   {runtime_call DeoptimizationBlob}
  0x000002160de3731c: 52e9 7ed3 | 3207 f4f4 | f4f4 f4f4 
[/MachCode]


Compiled method (c1) 28518 1221       3       java.security.SecureClassLoader::defineClass (16 bytes)
 total in heap  [0x000002160de06f10,0x000002160de07310] = 1024
 relocation     [0x000002160de07070,0x000002160de070c0] = 80
 main code      [0x000002160de070c0,0x000002160de07218] = 344
 stub code      [0x000002160de07218,0x000002160de07268] = 80
 metadata       [0x000002160de07268,0x000002160de07270] = 8
 scopes data    [0x000002160de07270,0x000002160de072b8] = 72
 scopes pcs     [0x000002160de072b8,0x000002160de07308] = 80
 dependencies   [0x000002160de07308,0x000002160de07310] = 8

[Constant Pool (empty)]

[MachCode]
[Entry Point]
  # {method} {0x000002162303d7b0} 'defineClass' '(Ljava/lang/String;[BIILjava/security/CodeSource;)Ljava/lang/Class;' in 'java/security/SecureClassLoader'
  # this:     rdx:rdx   = 'java/security/SecureClassLoader'
  # parm0:    r8:r8     = 'java/lang/String'
  # parm1:    r9:r9     = '[B'
  # parm2:    rdi       = int
  # parm3:    rsi       = int
  # parm4:    rcx:rcx   = 'java/security/CodeSource'
  #           [sp+0x80]  (sp of caller)
  0x000002160de070c0: 448b 5208 | 49c1 e203 

  0x000002160de070c8: ;   {runtime_call ic_miss_stub}
  0x000002160de070c8: 4c3b d00f | 85af 7635 | 0766 6666 | 0f1f 8400 | 0000 0000 | 6666 6690 
[Verified Entry Point]
  0x000002160de070e0: 8984 2400 | 80ff ff55 | 4883 ec70 | 4181 7f20 | 0500 0000 

  0x000002160de070f4: ;   {runtime_call StubRoutines (final stubs)}
  0x000002160de070f4: 7405 e805 

  0x000002160de070f8: ;   {metadata(method data for {method} {0x000002162303d7b0} 'defineClass' '(Ljava/lang/String;[BIILjava/security/CodeSource;)Ljava/lang/Class;' in 'java/security/SecureClassLoader')}
  0x000002160de070f8: 4634 0748 | bbf8 729e | 2316 0200 | 008b 83cc | 0000 0083 | c002 8983 | cc00 0000 | 25fe 0700 
  0x000002160de07118: 0085 c00f | 8496 0000 | 0089 7424 | 5c89 7c24 | 584c 894c | 2450 4c89 | 4424 4848 

  0x000002160de07134: ;   {metadata(method data for {method} {0x000002162303d7b0} 'defineClass' '(Ljava/lang/String;[BIILjava/security/CodeSource;)Ljava/lang/Class;' in 'java/security/SecureClassLoader')}
  0x000002160de07134: 8bda 48b8 | f872 9e23 | 1602 0000 | 4883 8010 | 0100 0001 | 4c8b c148 | 8bc2 488b | d048 8944 
  0x000002160de07154: ;   {optimized virtual_call}
  0x000002160de07154: 2440 90e8 

  0x000002160de07158: ; ImmutableOopMap {[64]=Oop [72]=Oop [80]=Oop }
                      ;*invokevirtual getProtectionDomain {reexecute=0 rethrow=0 return_oop=0}
                      ; - java.security.SecureClassLoader::defineClass@9
  0x000002160de07158: 44f2 0200 

  0x000002160de0715c: ;   {other}
  0x000002160de0715c: 0f1f 8400 | 4c02 0000 | 488b 5424 

  0x000002160de07168: ;   {metadata(method data for {method} {0x000002162303d7b0} 'defineClass' '(Ljava/lang/String;[BIILjava/security/CodeSource;)Ljava/lang/Class;' in 'java/security/SecureClassLoader')}
  0x000002160de07168: 4049 b8f8 | 729e 2316 | 0200 0049 | 8380 4801 | 0000 014c | 8b44 2448 | 4c8b 4c24 | 508b 7c24 
  0x000002160de07188: 588b 7424 | 5c48 8bc8 | 488b 5424 

  0x000002160de07194: ;   {optimized virtual_call}
  0x000002160de07194: 4066 90e8 

  0x000002160de07198: ; ImmutableOopMap {}
                      ;*invokevirtual defineClass {reexecute=0 rethrow=0 return_oop=0}
                      ; - java.security.SecureClassLoader::defineClass@12
  0x000002160de07198: a4fc 0200 

  0x000002160de0719c: ;   {other}
  0x000002160de0719c: 0f1f 8400 | 8c02 0001 | 4883 c470 

  0x000002160de071a8: ;   {poll_return}
  0x000002160de071a8: 5d49 3ba7 | 5004 0000 | 0f87 2200 

  0x000002160de071b4: ;   {metadata({method} {0x000002162303d7b0} 'defineClass' '(Ljava/lang/String;[BIILjava/security/CodeSource;)Ljava/lang/Class;' in 'java/security/SecureClassLoader')}
  0x000002160de071b4: 0000 c349 | baa8 d703 | 2316 0200 | 004c 8954 | 2408 48c7 | 0424 ffff 

  0x000002160de071cc: ;   {runtime_call counter_overflow Runtime1 stub}
  0x000002160de071cc: ffff e82d 

  0x000002160de071d0: ; ImmutableOopMap {rdx=Oop r8=Oop r9=Oop rcx=Oop }
                      ;*synchronization entry
                      ; - java.security.SecureClassLoader::defineClass@-1
  0x000002160de071d0: 4241 07e9 | 49ff ffff 

  0x000002160de071d8: ;   {internal_word}
  0x000002160de071d8: 49ba a971 | e00d 1602 | 0000 4d89 | 9768 0400 

  0x000002160de071e8: ;   {runtime_call SafepointBlob}
  0x000002160de071e8: 00e9 12e2 | 3507 498b | 8700 0500 | 0049 c787 | 0005 0000 | 0000 0000 | 49c7 8708 | 0500 0000 
  0x000002160de07208: 0000 0048 | 83c4 705d 

  0x000002160de07210: ;   {runtime_call unwind_exception Runtime1 stub}
  0x000002160de07210: e9eb e140 | 07f4 f4f4 
[Stub Code]
  0x000002160de07218: ;   {no_reloc}
  0x000002160de07218: 48bb e0d9 | 0323 1602 

  0x000002160de07220: ;   {runtime_call I2C/C2I adapters}
  0x000002160de07220: 0000 e937 

  0x000002160de07224: ;   {static_stub}
  0x000002160de07224: cd35 0748 | bb58 4e02 | 2316 0200 

  0x000002160de07230: ;   {runtime_call I2C/C2I adapters}
  0x000002160de07230: 00e9 36bc 

  0x000002160de07234: ;   {runtime_call handle_exception_from_callee Runtime1 stub}
  0x000002160de07234: 3407 e8c5 

  0x000002160de07238: ;   {external_word}
  0x000002160de07238: 0e41 0748 | b9d0 6198 | 56fb 7f00 | 0048 83e4 

  0x000002160de07248: ;   {runtime_call}
  0x000002160de07248: f048 b890 | db66 56fb | 7f00 00ff 

  0x000002160de07254: ;   {section_word}
  0x000002160de07254: d0f4 49ba | 5672 e00d | 1602 0000 

  0x000002160de07260: ;   {runtime_call DeoptimizationBlob}
  0x000002160de07260: 4152 e939 | d435 07f4 
[/MachCode]


---------------  P R O C E S S  ---------------

Threads class SMR info:
_java_thread_list=0x000002162b1ae080, length=28, elements={
0x000002160aa72ca0, 0x000002162233dac0, 0x0000021622358ba0, 0x0000021622359600,
0x000002162236a7e0, 0x000002162236b240, 0x000002162236bca0, 0x000002162236c700,
0x0000021622376700, 0x00000216223771a0, 0x00000216226c4890, 0x000002162752f0a0,
0x0000021628926900, 0x0000021627ec95d0, 0x00000216228ea5f0, 0x0000021622954f10,
0x00000216284305a0, 0x00000216229542c0, 0x0000021628a0cd00, 0x0000021628a0e740,
0x0000021628a0b2c0, 0x0000021628a0d390, 0x0000021628a0bfe0, 0x0000021628a0b950,
0x000002162aba7430, 0x000002162aba9b90, 0x000002162aba59f0, 0x000002162aba8150
}

Java Threads: ( => current thread )
  0x000002160aa72ca0 JavaThread "main"                              [_thread_blocked, id=16672, stack(0x0000009bf7100000,0x0000009bf7200000) (1024K)]
  0x000002162233dac0 JavaThread "Common-Cleaner"             daemon [_thread_blocked, id=14504, stack(0x0000009bf7900000,0x0000009bf7a00000) (1024K)]
  0x0000021622358ba0 JavaThread "Reference Handler"          daemon [_thread_blocked, id=13064, stack(0x0000009bf7a00000,0x0000009bf7b00000) (1024K)]
  0x0000021622359600 JavaThread "Finalizer"                  daemon [_thread_blocked, id=15212, stack(0x0000009bf7b00000,0x0000009bf7c00000) (1024K)]
  0x000002162236a7e0 JavaThread "Signal Dispatcher"          daemon [_thread_blocked, id=16244, stack(0x0000009bf7c00000,0x0000009bf7d00000) (1024K)]
  0x000002162236b240 JavaThread "Attach Listener"            daemon [_thread_blocked, id=4252, stack(0x0000009bf7d00000,0x0000009bf7e00000) (1024K)]
  0x000002162236bca0 JavaThread "Service Thread"             daemon [_thread_blocked, id=14364, stack(0x0000009bf7e00000,0x0000009bf7f00000) (1024K)]
  0x000002162236c700 JavaThread "Monitor Deflation Thread"   daemon [_thread_blocked, id=4676, stack(0x0000009bf7f00000,0x0000009bf8000000) (1024K)]
  0x0000021622376700 JavaThread "C2 CompilerThread0"         daemon [_thread_blocked, id=12956, stack(0x0000009bf8000000,0x0000009bf8100000) (1024K)]
  0x00000216223771a0 JavaThread "C1 CompilerThread0"         daemon [_thread_blocked, id=14428, stack(0x0000009bf8100000,0x0000009bf8200000) (1024K)]
  0x00000216226c4890 JavaThread "Notification Thread"        daemon [_thread_blocked, id=16184, stack(0x0000009bf8200000,0x0000009bf8300000) (1024K)]
  0x000002162752f0a0 JavaThread "Daemon health stats"               [_thread_blocked, id=10524, stack(0x0000009bf8700000,0x0000009bf8800000) (1024K)]
  0x0000021628926900 JavaThread "Incoming local TCP Connector on port 57414"        [_thread_in_native, id=16128, stack(0x0000009bf8800000,0x0000009bf8900000) (1024K)]
  0x0000021627ec95d0 JavaThread "Daemon periodic checks"            [_thread_blocked, id=16688, stack(0x0000009bf8900000,0x0000009bf8a00000) (1024K)]
  0x00000216228ea5f0 JavaThread "Daemon"                            [_thread_blocked, id=13500, stack(0x0000009bf8a00000,0x0000009bf8b00000) (1024K)]
  0x0000021622954f10 JavaThread "Handler for socket connection from /127.0.0.1:57414 to /127.0.0.1:57415"        [_thread_in_native, id=14036, stack(0x0000009bf8b00000,0x0000009bf8c00000) (1024K)]
  0x00000216284305a0 JavaThread "Cancel handler"                    [_thread_blocked, id=16132, stack(0x0000009bf9000000,0x0000009bf9100000) (1024K)]
=>0x00000216229542c0 JavaThread "Daemon worker"                     [_thread_in_vm, id=15576, stack(0x0000009bf9100000,0x0000009bf9200000) (1024K)]
  0x0000021628a0cd00 JavaThread "Asynchronous log dispatcher for DefaultDaemonConnection: socket connection from /127.0.0.1:57414 to /127.0.0.1:57415"        [_thread_blocked, id=1624, stack(0x0000009bf9200000,0x0000009bf9300000) (1024K)]
  0x0000021628a0e740 JavaThread "Stdin handler"                     [_thread_blocked, id=15120, stack(0x0000009bf9300000,0x0000009bf9400000) (1024K)]
  0x0000021628a0b2c0 JavaThread "Daemon client event forwarder"        [_thread_blocked, id=9912, stack(0x0000009bf9400000,0x0000009bf9500000) (1024K)]
  0x0000021628a0d390 JavaThread "Cache worker for journal cache (C:\Users\speak\.gradle\caches\journal-1)"        [_thread_blocked, id=12504, stack(0x0000009bf9500000,0x0000009bf9600000) (1024K)]
  0x0000021628a0bfe0 JavaThread "File lock request listener"        [_thread_in_native, id=1520, stack(0x0000009bf9600000,0x0000009bf9700000) (1024K)]
  0x0000021628a0b950 JavaThread "Cache worker for file hash cache (C:\Users\speak\.gradle\caches\9.4.1\fileHashes)"        [_thread_blocked, id=7228, stack(0x0000009bf9800000,0x0000009bf9900000) (1024K)]
  0x000002162aba7430 JavaThread "Cache worker for file hash cache (C:\Users\speak\dev\projects\android\Adcore\.gradle\9.4.1\fileHashes)"        [_thread_blocked, id=12916, stack(0x0000009bf9700000,0x0000009bf9800000) (1024K)]
  0x000002162aba9b90 JavaThread "Cache worker for Build Output Cleanup Cache (C:\Users\speak\dev\projects\android\Adcore\.gradle\buildOutputCleanup)"        [_thread_blocked, id=1048, stack(0x0000009bf9900000,0x0000009bf9a00000) (1024K)]
  0x000002162aba59f0 JavaThread "File watcher server"        daemon [_thread_in_native, id=12572, stack(0x0000009bf9a00000,0x0000009bf9b00000) (1024K)]
  0x000002162aba8150 JavaThread "File watcher consumer"      daemon [_thread_blocked, id=16948, stack(0x0000009bf9b00000,0x0000009bf9c00000) (1024K)]
Total: 28

Other Threads:
  0x0000021622177620 VMThread "VM Thread"                           [id=12760, stack(0x0000009bf7800000,0x0000009bf7900000) (1024K)] _threads_hazard_ptr=0x000002162b1ae080
  0x0000021622131510 WatcherThread "VM Periodic Task Thread"        [id=6360, stack(0x0000009bf7700000,0x0000009bf7800000) (1024K)]
  0x000002160aac77e0 WorkerThread "GC Thread#0"                     [id=10624, stack(0x0000009bf7200000,0x0000009bf7300000) (1024K)]
  0x00000216223ee9a0 WorkerThread "GC Thread#1"                     [id=16496, stack(0x0000009bf8300000,0x0000009bf8400000) (1024K)]
  0x0000021622625c60 WorkerThread "GC Thread#2"                     [id=7548, stack(0x0000009bf8400000,0x0000009bf8500000) (1024K)]
  0x0000021622b0dec0 WorkerThread "GC Thread#3"                     [id=8468, stack(0x0000009bf8500000,0x0000009bf8600000) (1024K)]
  0x00000216229612a0 WorkerThread "GC Thread#4"                     [id=9492, stack(0x0000009bf8600000,0x0000009bf8700000) (1024K)]
  0x0000021628a15c40 WorkerThread "GC Thread#5"                     [id=15084, stack(0x0000009bf8c00000,0x0000009bf8d00000) (1024K)]
  0x0000021628a15ff0 WorkerThread "GC Thread#6"                     [id=8004, stack(0x0000009bf8d00000,0x0000009bf8e00000) (1024K)]
  0x0000021628a14620 WorkerThread "GC Thread#7"                     [id=14112, stack(0x0000009bf8e00000,0x0000009bf8f00000) (1024K)]
  0x000002160aada810 ConcurrentGCThread "G1 Main Marker"            [id=3076, stack(0x0000009bf7300000,0x0000009bf7400000) (1024K)]
  0x000002160aadb230 WorkerThread "G1 Conc#0"                       [id=17096, stack(0x0000009bf7400000,0x0000009bf7500000) (1024K)]
  0x0000021628a15130 WorkerThread "G1 Conc#1"                       [id=14776, stack(0x0000009bf8f00000,0x0000009bf9000000) (1024K)]
  0x000002160ab3e660 ConcurrentGCThread "G1 Refine#0"               [id=5084, stack(0x0000009bf7500000,0x0000009bf7600000) (1024K)]
  0x0000021621ff8660 ConcurrentGCThread "G1 Service"                [id=15116, stack(0x0000009bf7600000,0x0000009bf7700000) (1024K)]
Total: 15

Threads with active compile tasks:
Total: 0

VM state: synchronizing (normal execution)

VM Mutex/Monitor currently owned by a thread:  ([mutex/lock_event])
[0x00007ffb56bf64d0] Metaspace_lock - owner thread: 0x00000216229542c0
[0x00007ffb56bf86d0] Threads_lock - owner thread: 0x0000021622177620

Heap address: 0x0000000080000000, size: 2048 MB, Compressed Oops mode: 32-bit

CDS archive(s) not mapped
Compressed class space mapped at: 0x0000000100000000-0x0000000140000000, reserved size: 1073741824
Narrow klass base: 0x0000000000000000, Narrow klass shift: 3, Narrow klass range: 0x140000000

GC Precious Log:
 CardTable entry size: 512
 Card Set container configuration: InlinePtr #cards 5 size 8 Array Of Cards #cards 12 size 40 Howl #buckets 4 coarsen threshold 1843 Howl Bitmap #cards 512 size 80 coarsen threshold 460 Card regions per heap region 1 cards per card region 2048
 CPUs: 8 total, 8 available
 Memory: 8066M
 Large Page Support: Disabled
 NUMA Support: Disabled
 Compressed Oops: Enabled (32-bit)
 Heap Region Size: 1M
 Heap Min Capacity: 8M
 Heap Initial Capacity: 128M
 Heap Max Capacity: 2G
 Pre-touch: Disabled
 Parallel Workers: 8
 Concurrent Workers: 2
 Concurrent Refinement Workers: 8
 Periodic GC: Disabled

Heap:
 garbage-first heap   total 71680K, used 49752K [0x0000000080000000, 0x0000000100000000)
  region size 1024K, 28 young (28672K), 4 survivors (4096K)
 Metaspace       used 38724K, committed 39552K, reserved 1114112K
  class space    used 5224K, committed 5632K, reserved 1048576K

Heap Regions: E=young(eden), S=young(survivor), O=old, HS=humongous(starts), HC=humongous(continues), CS=collection set, F=free, TAMS=top-at-mark-start, PB=parsable bottom
|   0|0x0000000080000000, 0x0000000080100000, 0x0000000080100000|100%|HS|  |TAMS 0x0000000080000000| PB 0x0000000080000000| Complete 
|   1|0x0000000080100000, 0x0000000080200000, 0x0000000080200000|100%|HC|  |TAMS 0x0000000080100000| PB 0x0000000080100000| Complete 
|   2|0x0000000080200000, 0x0000000080300000, 0x0000000080300000|100%|HC|  |TAMS 0x0000000080200000| PB 0x0000000080200000| Complete 
|   3|0x0000000080300000, 0x0000000080400000, 0x0000000080400000|100%|HC|  |TAMS 0x0000000080300000| PB 0x0000000080300000| Complete 
|   4|0x0000000080400000, 0x0000000080500000, 0x0000000080500000|100%| O|  |TAMS 0x0000000080400000| PB 0x0000000080400000| Untracked 
|   5|0x0000000080500000, 0x0000000080600000, 0x0000000080600000|100%| O|  |TAMS 0x0000000080500000| PB 0x0000000080500000| Untracked 
|   6|0x0000000080600000, 0x0000000080700000, 0x0000000080700000|100%| O|  |TAMS 0x0000000080600000| PB 0x0000000080600000| Untracked 
|   7|0x0000000080700000, 0x0000000080800000, 0x0000000080800000|100%| O|  |TAMS 0x0000000080700000| PB 0x0000000080700000| Untracked 
|   8|0x0000000080800000, 0x0000000080900000, 0x0000000080900000|100%| O|  |TAMS 0x0000000080800000| PB 0x0000000080800000| Untracked 
|   9|0x0000000080900000, 0x0000000080a00000, 0x0000000080a00000|100%| O|  |TAMS 0x0000000080900000| PB 0x0000000080900000| Untracked 
|  10|0x0000000080a00000, 0x0000000080b00000, 0x0000000080b00000|100%| O|  |TAMS 0x0000000080a00000| PB 0x0000000080a00000| Untracked 
|  11|0x0000000080b00000, 0x0000000080c00000, 0x0000000080c00000|100%|HS|  |TAMS 0x0000000080b00000| PB 0x0000000080b00000| Complete 
|  12|0x0000000080c00000, 0x0000000080d00000, 0x0000000080d00000|100%| O|  |TAMS 0x0000000080c00000| PB 0x0000000080c00000| Untracked 
|  13|0x0000000080d00000, 0x0000000080e00000, 0x0000000080e00000|100%| O|  |TAMS 0x0000000080d00000| PB 0x0000000080d00000| Untracked 
|  14|0x0000000080e00000, 0x0000000080f00000, 0x0000000080f00000|100%| O|  |TAMS 0x0000000080e00000| PB 0x0000000080e00000| Untracked 
|  15|0x0000000080f00000, 0x0000000081000000, 0x0000000081000000|100%| O|  |TAMS 0x0000000080f00000| PB 0x0000000080f00000| Untracked 
|  16|0x0000000081000000, 0x0000000081100000, 0x0000000081100000|100%| O|  |TAMS 0x0000000081000000| PB 0x0000000081000000| Untracked 
|  17|0x0000000081100000, 0x0000000081200000, 0x0000000081200000|100%| O|  |TAMS 0x0000000081100000| PB 0x0000000081100000| Untracked 
|  18|0x0000000081200000, 0x0000000081300000, 0x0000000081300000|100%| O|  |TAMS 0x0000000081200000| PB 0x0000000081200000| Untracked 
|  19|0x0000000081300000, 0x0000000081400000, 0x0000000081400000|100%| O|  |TAMS 0x0000000081300000| PB 0x0000000081300000| Untracked 
|  20|0x0000000081400000, 0x0000000081500000, 0x0000000081500000|100%| O|Cm|TAMS 0x0000000081400000| PB 0x0000000081400000| Complete 
|  21|0x0000000081500000, 0x000000008152fcb0, 0x0000000081600000| 18%| O|  |TAMS 0x0000000081500000| PB 0x0000000081500000| Untracked 
|  22|0x0000000081600000, 0x0000000081600000, 0x0000000081700000|  0%| F|  |TAMS 0x0000000081600000| PB 0x0000000081600000| Untracked 
|  23|0x0000000081700000, 0x0000000081800000, 0x0000000081800000|100%| O|  |TAMS 0x0000000081700000| PB 0x0000000081700000| Untracked 
|  24|0x0000000081800000, 0x0000000081800000, 0x0000000081900000|  0%| F|  |TAMS 0x0000000081800000| PB 0x0000000081800000| Untracked 
|  25|0x0000000081900000, 0x0000000081900000, 0x0000000081a00000|  0%| F|  |TAMS 0x0000000081900000| PB 0x0000000081900000| Untracked 
|  26|0x0000000081a00000, 0x0000000081a00000, 0x0000000081b00000|  0%| F|  |TAMS 0x0000000081a00000| PB 0x0000000081a00000| Untracked 
|  27|0x0000000081b00000, 0x0000000081b00000, 0x0000000081c00000|  0%| F|  |TAMS 0x0000000081b00000| PB 0x0000000081b00000| Untracked 
|  28|0x0000000081c00000, 0x0000000081c00000, 0x0000000081d00000|  0%| F|  |TAMS 0x0000000081c00000| PB 0x0000000081c00000| Untracked 
|  29|0x0000000081d00000, 0x0000000081d00000, 0x0000000081e00000|  0%| F|  |TAMS 0x0000000081d00000| PB 0x0000000081d00000| Untracked 
|  30|0x0000000081e00000, 0x0000000081e00000, 0x0000000081f00000|  0%| F|  |TAMS 0x0000000081e00000| PB 0x0000000081e00000| Untracked 
|  31|0x0000000081f00000, 0x0000000081f00000, 0x0000000082000000|  0%| F|  |TAMS 0x0000000081f00000| PB 0x0000000081f00000| Untracked 
|  32|0x0000000082000000, 0x0000000082000000, 0x0000000082100000|  0%| F|  |TAMS 0x0000000082000000| PB 0x0000000082000000| Untracked 
|  33|0x0000000082100000, 0x0000000082100000, 0x0000000082200000|  0%| F|  |TAMS 0x0000000082100000| PB 0x0000000082100000| Untracked 
|  34|0x0000000082200000, 0x0000000082200000, 0x0000000082300000|  0%| F|  |TAMS 0x0000000082200000| PB 0x0000000082200000| Untracked 
|  35|0x0000000082300000, 0x0000000082300000, 0x0000000082400000|  0%| F|  |TAMS 0x0000000082300000| PB 0x0000000082300000| Untracked 
|  36|0x0000000082400000, 0x0000000082400000, 0x0000000082500000|  0%| F|  |TAMS 0x0000000082400000| PB 0x0000000082400000| Untracked 
|  37|0x0000000082500000, 0x0000000082500000, 0x0000000082600000|  0%| F|  |TAMS 0x0000000082500000| PB 0x0000000082500000| Untracked 
|  38|0x0000000082600000, 0x0000000082600000, 0x0000000082700000|  0%| F|  |TAMS 0x0000000082600000| PB 0x0000000082600000| Untracked 
|  39|0x0000000082700000, 0x0000000082700000, 0x0000000082800000|  0%| F|  |TAMS 0x0000000082700000| PB 0x0000000082700000| Untracked 
|  40|0x0000000082800000, 0x0000000082800000, 0x0000000082900000|  0%| F|  |TAMS 0x0000000082800000| PB 0x0000000082800000| Untracked 
|  41|0x0000000082900000, 0x0000000082900000, 0x0000000082a00000|  0%| F|  |TAMS 0x0000000082900000| PB 0x0000000082900000| Untracked 
|  42|0x0000000082a00000, 0x0000000082b00000, 0x0000000082b00000|100%| E|  |TAMS 0x0000000082a00000| PB 0x0000000082a00000| Complete 
|  43|0x0000000082b00000, 0x0000000082c00000, 0x0000000082c00000|100%| E|CS|TAMS 0x0000000082b00000| PB 0x0000000082b00000| Complete 
|  44|0x0000000082c00000, 0x0000000082d00000, 0x0000000082d00000|100%| E|CS|TAMS 0x0000000082c00000| PB 0x0000000082c00000| Complete 
|  45|0x0000000082d00000, 0x0000000082e00000, 0x0000000082e00000|100%| E|CS|TAMS 0x0000000082d00000| PB 0x0000000082d00000| Complete 
|  46|0x0000000082e00000, 0x0000000082f00000, 0x0000000082f00000|100%| E|CS|TAMS 0x0000000082e00000| PB 0x0000000082e00000| Complete 
|  47|0x0000000082f00000, 0x0000000083000000, 0x0000000083000000|100%| E|CS|TAMS 0x0000000082f00000| PB 0x0000000082f00000| Complete 
|  48|0x0000000083000000, 0x00000000830663a0, 0x0000000083100000| 39%| S|CS|TAMS 0x0000000083000000| PB 0x0000000083000000| Complete 
|  49|0x0000000083100000, 0x0000000083200000, 0x0000000083200000|100%| S|CS|TAMS 0x0000000083100000| PB 0x0000000083100000| Complete 
|  50|0x0000000083200000, 0x0000000083300000, 0x0000000083300000|100%| S|CS|TAMS 0x0000000083200000| PB 0x0000000083200000| Complete 
|  51|0x0000000083300000, 0x0000000083400000, 0x0000000083400000|100%| S|CS|TAMS 0x0000000083300000| PB 0x0000000083300000| Complete 
|  52|0x0000000083400000, 0x0000000083500000, 0x0000000083500000|100%| E|CS|TAMS 0x0000000083400000| PB 0x0000000083400000| Complete 
|  53|0x0000000083500000, 0x0000000083600000, 0x0000000083600000|100%| E|CS|TAMS 0x0000000083500000| PB 0x0000000083500000| Complete 
|  54|0x0000000083600000, 0x0000000083700000, 0x0000000083700000|100%| E|CS|TAMS 0x0000000083600000| PB 0x0000000083600000| Complete 
|  55|0x0000000083700000, 0x0000000083800000, 0x0000000083800000|100%| E|CS|TAMS 0x0000000083700000| PB 0x0000000083700000| Complete 
|  56|0x0000000083800000, 0x0000000083900000, 0x0000000083900000|100%| E|CS|TAMS 0x0000000083800000| PB 0x0000000083800000| Complete 
|  57|0x0000000083900000, 0x0000000083a00000, 0x0000000083a00000|100%| E|CS|TAMS 0x0000000083900000| PB 0x0000000083900000| Complete 
|  58|0x0000000083a00000, 0x0000000083b00000, 0x0000000083b00000|100%| E|CS|TAMS 0x0000000083a00000| PB 0x0000000083a00000| Complete 
|  59|0x0000000083b00000, 0x0000000083c00000, 0x0000000083c00000|100%| E|CS|TAMS 0x0000000083b00000| PB 0x0000000083b00000| Complete 
|  66|0x0000000084200000, 0x0000000084300000, 0x0000000084300000|100%| E|CS|TAMS 0x0000000084200000| PB 0x0000000084200000| Complete 
|  67|0x0000000084300000, 0x0000000084400000, 0x0000000084400000|100%| E|CS|TAMS 0x0000000084300000| PB 0x0000000084300000| Complete 
|  68|0x0000000084400000, 0x0000000084500000, 0x0000000084500000|100%| E|CS|TAMS 0x0000000084400000| PB 0x0000000084400000| Complete 
|  69|0x0000000084500000, 0x0000000084600000, 0x0000000084600000|100%| E|CS|TAMS 0x0000000084500000| PB 0x0000000084500000| Complete 
|  70|0x0000000084600000, 0x0000000084700000, 0x0000000084700000|100%| E|CS|TAMS 0x0000000084600000| PB 0x0000000084600000| Complete 
|  71|0x0000000084700000, 0x0000000084800000, 0x0000000084800000|100%| E|CS|TAMS 0x0000000084700000| PB 0x0000000084700000| Complete 
|  72|0x0000000084800000, 0x0000000084900000, 0x0000000084900000|100%| E|CS|TAMS 0x0000000084800000| PB 0x0000000084800000| Complete 
|  73|0x0000000084900000, 0x0000000084a00000, 0x0000000084a00000|100%| E|CS|TAMS 0x0000000084900000| PB 0x0000000084900000| Complete 
|  74|0x0000000084a00000, 0x0000000084b00000, 0x0000000084b00000|100%| E|CS|TAMS 0x0000000084a00000| PB 0x0000000084a00000| Complete 
| 127|0x0000000087f00000, 0x0000000088000000, 0x0000000088000000|100%| E|CS|TAMS 0x0000000087f00000| PB 0x0000000087f00000| Complete 

Card table byte_map: [0x000002161d320000,0x000002161d720000] _byte_map_base: 0x000002161cf20000

Marking Bits: (CMBitMap*) 0x000002160aac8e10
 Bits: [0x000002161d720000, 0x000002161f720000)

Polling page: 0x0000021608a40000

Metaspace:

Usage:
  Non-class:     32.72 MB used.
      Class:      5.10 MB used.
       Both:     37.82 MB used.

Virtual space:
  Non-class space:       64.00 MB reserved,      33.12 MB ( 52%) committed,  1 nodes.
      Class space:        1.00 GB reserved,       5.50 MB ( <1%) committed,  1 nodes.
             Both:        1.06 GB reserved,      38.62 MB (  4%) committed. 

Chunk freelists:
   Non-Class:  14.86 MB
       Class:  10.33 MB
        Both:  25.19 MB

MaxMetaspaceSize: unlimited
CompressedClassSpaceSize: 1.00 GB
Initial GC threshold: 21.00 MB
Current GC threshold: 58.69 MB
CDS: off
 - commit_granule_bytes: 65536.
 - commit_granule_words: 8192.
 - virtual_space_node_default_size: 8388608.
 - enlarge_chunks_in_place: 1.
 - use_allocation_guard: 0.


Internal statistics:

num_allocs_failed_limit: 6.
num_arena_births: 1478.
num_arena_deaths: 0.
num_vsnodes_births: 2.
num_vsnodes_deaths: 0.
num_space_committed: 618.
num_space_uncommitted: 0.
num_chunks_returned_to_freelist: 6.
num_chunks_taken_from_freelist: 2773.
num_chunk_merges: 6.
num_chunk_splits: 1795.
num_chunks_enlarged: 1132.
num_inconsistent_stats: 0.

CodeHeap 'non-profiled nmethods': size=120000Kb used=1818Kb max_used=2003Kb free=118181Kb
 bounds [0x00000216156b0000, 0x0000021615920000, 0x000002161cbe0000]
CodeHeap 'profiled nmethods': size=120000Kb used=5993Kb max_used=6596Kb free=114006Kb
 bounds [0x000002160dbe0000, 0x000002160e260000, 0x0000021615110000]
CodeHeap 'non-nmethods': size=5760Kb used=1422Kb max_used=1487Kb free=4337Kb
 bounds [0x0000021615110000, 0x0000021615380000, 0x00000216156b0000]
CodeCache: size=245760Kb, used=9233Kb, max_used=10086Kb, free=236524Kb
 total_blobs=3746, nmethods=3150, adapters=500, full_count=0
Compilation: enabled, stopped_count=0, restarted_count=0

Compilation events (20 events):
Event: 27.797 Thread 0x0000021622376700 3542       4       jdk.internal.ref.CleanerImpl$PhantomCleanableRef::performCleanup (10 bytes)
Event: 27.815 Thread 0x0000021622376700 nmethod 3542 0x0000021615756c10 code [0x0000021615756e20, 0x0000021615757878]
Event: 27.969 Thread 0x0000021622376700 3543       4       java.util.Collections$SetFromMap::add (22 bytes)
Event: 28.000 Thread 0x0000021622376700 nmethod 3543 0x00000216156e1d90 code [0x00000216156e1fa0, 0x00000216156e29d8]
Event: 28.000 Thread 0x0000021622376700 3544       4       jdk.internal.org.objectweb.asm.AnnotationWriter::putAnnotations (67 bytes)
Event: 28.004 Thread 0x0000021622376700 nmethod 3544 0x0000021615756710 code [0x00000216157568c0, 0x0000021615756a60]
Event: 28.006 Thread 0x00000216223771a0 3545       3       com.google.common.collect.ImmutableCollection$Builder::addAll (34 bytes)
Event: 28.006 Thread 0x00000216223771a0 nmethod 3545 0x000002160dd85510 code [0x000002160dd85700, 0x000002160dd85bb8]
Event: 28.015 Thread 0x00000216223771a0 3546       3       org.gradle.internal.reflect.JavaReflectionUtil::getAnnotation (101 bytes)
Event: 28.017 Thread 0x00000216223771a0 nmethod 3546 0x000002160dd25c10 code [0x000002160dd25ee0, 0x000002160dd26ba8]
Event: 28.081 Thread 0x0000021622376700 3547   !   4       java.util.zip.ZipFile$ZipFileInflaterInputStream::close (67 bytes)
Event: 28.153 Thread 0x0000021622376700 nmethod 3547 0x0000021615745090 code [0x00000216157453c0, 0x0000021615747208]
Event: 28.267 Thread 0x00000216223771a0 3549       3       java.lang.invoke.MethodHandleNatives::staticArgumentsPulled (5 bytes)
Event: 28.267 Thread 0x00000216223771a0 nmethod 3549 0x000002160dd0f310 code [0x000002160dd0f4c0, 0x000002160dd0f690]
Event: 28.267 Thread 0x00000216223771a0 3550       3       java.lang.invoke.BootstrapMethodInvoker::widenAndCast (47 bytes)
Event: 28.269 Thread 0x00000216223771a0 nmethod 3550 0x000002160dd93610 code [0x000002160dd93880, 0x000002160dd941b0]
Event: 28.269 Thread 0x00000216223771a0 3551       3       java.lang.invoke.Invokers::callSiteForm (297 bytes)
Event: 28.272 Thread 0x00000216223771a0 nmethod 3551 0x000002160dcac190 code [0x000002160dcac4c0, 0x000002160dcad7c8]
Event: 28.337 Thread 0x00000216223771a0 3552       3       org.gradle.internal.collect.ArrayCopy::insertAtPushingLeft (141 bytes)
Event: 28.338 Thread 0x00000216223771a0 nmethod 3552 0x000002160dc2b390 code [0x000002160dc2b5e0, 0x000002160dc2c0e8]

GC Heap History (12 events):
Event: 6.513 GC heap before
{Heap before GC invocations=0 (full 0):
 garbage-first heap   total 131072K, used 26624K [0x0000000080000000, 0x0000000100000000)
  region size 1024K, 23 young (23552K), 0 survivors (0K)
 Metaspace       used 9937K, committed 10048K, reserved 1114112K
  class space    used 985K, committed 1024K, reserved 1048576K
}
Event: 6.531 GC heap after
{Heap after GC invocations=1 (full 0):
 garbage-first heap   total 131072K, used 10992K [0x0000000080000000, 0x0000000100000000)
  region size 1024K, 3 young (3072K), 3 survivors (3072K)
 Metaspace       used 9937K, committed 10048K, reserved 1114112K
  class space    used 985K, committed 1024K, reserved 1048576K
}
Event: 9.823 GC heap before
{Heap before GC invocations=1 (full 0):
 garbage-first heap   total 131072K, used 38640K [0x0000000080000000, 0x0000000100000000)
  region size 1024K, 30 young (30720K), 3 survivors (3072K)
 Metaspace       used 12837K, committed 12992K, reserved 1114112K
  class space    used 1412K, committed 1472K, reserved 1048576K
}
Event: 9.836 GC heap after
{Heap after GC invocations=2 (full 0):
 garbage-first heap   total 131072K, used 12276K [0x0000000080000000, 0x0000000100000000)
  region size 1024K, 2 young (2048K), 2 survivors (2048K)
 Metaspace       used 12837K, committed 12992K, reserved 1114112K
  class space    used 1412K, committed 1472K, reserved 1048576K
}
Event: 20.924 GC heap before
{Heap before GC invocations=2 (full 0):
 garbage-first heap   total 131072K, used 64500K [0x0000000080000000, 0x0000000100000000)
  region size 1024K, 53 young (54272K), 2 survivors (2048K)
 Metaspace       used 21139K, committed 21504K, reserved 1114112K
  class space    used 2478K, committed 2688K, reserved 1048576K
}
Event: 20.937 GC heap after
{Heap after GC invocations=3 (full 0):
 garbage-first heap   total 131072K, used 20567K [0x0000000080000000, 0x0000000100000000)
  region size 1024K, 9 young (9216K), 9 survivors (9216K)
 Metaspace       used 21139K, committed 21504K, reserved 1114112K
  class space    used 2478K, committed 2688K, reserved 1048576K
}
Event: 22.855 GC heap before
{Heap before GC invocations=4 (full 0):
 garbage-first heap   total 71680K, used 54359K [0x0000000080000000, 0x0000000100000000)
  region size 1024K, 42 young (43008K), 9 survivors (9216K)
 Metaspace       used 27251K, committed 27648K, reserved 1114112K
  class space    used 3407K, committed 3584K, reserved 1048576K
}
Event: 22.867 GC heap after
{Heap after GC invocations=5 (full 0):
 garbage-first heap   total 71680K, used 22506K [0x0000000080000000, 0x0000000100000000)
  region size 1024K, 3 young (3072K), 3 survivors (3072K)
 Metaspace       used 27251K, committed 27648K, reserved 1114112K
  class space    used 3407K, committed 3584K, reserved 1048576K
}
Event: 25.203 GC heap before
{Heap before GC invocations=5 (full 0):
 garbage-first heap   total 71680K, used 57322K [0x0000000080000000, 0x0000000100000000)
  region size 1024K, 36 young (36864K), 3 survivors (3072K)
 Metaspace       used 32722K, committed 33280K, reserved 1114112K
  class space    used 4207K, committed 4480K, reserved 1048576K
}
Event: 25.213 GC heap after
{Heap after GC invocations=6 (full 0):
 garbage-first heap   total 71680K, used 24818K [0x0000000080000000, 0x0000000100000000)
  region size 1024K, 4 young (4096K), 4 survivors (4096K)
 Metaspace       used 32722K, committed 33280K, reserved 1114112K
  class space    used 4207K, committed 4480K, reserved 1048576K
}
Event: 26.550 GC heap before
{Heap before GC invocations=6 (full 0):
 garbage-first heap   total 71680K, used 41202K [0x0000000080000000, 0x0000000100000000)
  region size 1024K, 22 young (22528K), 4 survivors (4096K)
 Metaspace       used 35272K, committed 35968K, reserved 1114112K
  class space    used 4624K, committed 4928K, reserved 1048576K
}
Event: 26.559 GC heap after
{Heap after GC invocations=7 (full 0):
 garbage-first heap   total 71680K, used 26200K [0x0000000080000000, 0x0000000100000000)
  region size 1024K, 4 young (4096K), 4 survivors (4096K)
 Metaspace       used 35272K, committed 35968K, reserved 1114112K
  class space    used 4624K, committed 4928K, reserved 1048576K
}

Dll operation events (3 events):
Event: 0.227 Loaded shared library D:\DevelpmentTools\Android\Android Studio\jbr\bin\java.dll
Event: 0.262 Loaded shared library D:\DevelpmentTools\Android\Android Studio\jbr\bin\zip.dll
Event: 5.701 Loaded shared library D:\DevelpmentTools\Android\Android Studio\jbr\bin\verify.dll

Deoptimization events (20 events):
Event: 26.445 Thread 0x00000216229542c0 Uncommon trap: trap_request=0xffffff6e fr.pc=0x000002161577cd60 relative=0x0000000000000420
Event: 26.445 Thread 0x00000216229542c0 Uncommon trap: reason=loop_limit_check action=maybe_recompile pc=0x000002161577cd60 method=java.lang.StringLatin1.indexOf([BI[BII)I @ 37 c2
Event: 26.445 Thread 0x00000216229542c0 DEOPT PACKING pc=0x000002161577cd60 sp=0x0000009bf91f9f70
Event: 26.445 Thread 0x00000216229542c0 DEOPT UNPACKING pc=0x00000216151643a2 sp=0x0000009bf91f9ed0 mode 2
Event: 26.843 Thread 0x00000216229542c0 Uncommon trap: trap_request=0xffffffde fr.pc=0x00000216156c45e8 relative=0x00000000000001c8
Event: 26.844 Thread 0x00000216229542c0 Uncommon trap: reason=class_check action=maybe_recompile pc=0x00000216156c45e8 method=java.lang.String.equals(Ljava/lang/Object;)Z @ 8 c2
Event: 26.844 Thread 0x00000216229542c0 DEOPT PACKING pc=0x00000216156c45e8 sp=0x0000009bf91fa300
Event: 26.844 Thread 0x00000216229542c0 DEOPT UNPACKING pc=0x00000216151643a2 sp=0x0000009bf91fa298 mode 2
Event: 27.376 Thread 0x00000216229542c0 Uncommon trap: trap_request=0xffffff45 fr.pc=0x000002161581a8f0 relative=0x0000000000000d50
Event: 27.376 Thread 0x00000216229542c0 Uncommon trap: reason=unstable_if action=reinterpret pc=0x000002161581a8f0 method=jdk.internal.org.objectweb.asm.SymbolTable.addType(Ljava/lang/String;)I @ 33 c2
Event: 27.376 Thread 0x00000216229542c0 DEOPT PACKING pc=0x000002161581a8f0 sp=0x0000009bf91fbcd0
Event: 27.376 Thread 0x00000216229542c0 DEOPT UNPACKING pc=0x00000216151643a2 sp=0x0000009bf91fbc08 mode 2
Event: 27.379 Thread 0x00000216229542c0 Uncommon trap: trap_request=0xffffff45 fr.pc=0x000002161574964c relative=0x000000000000020c
Event: 27.379 Thread 0x00000216229542c0 Uncommon trap: reason=unstable_if action=reinterpret pc=0x000002161574964c method=jdk.internal.org.objectweb.asm.Type.getTypeInternal(Ljava/lang/String;II)Ljdk/internal/org/objectweb/asm/Type; @ 5 c2
Event: 27.379 Thread 0x00000216229542c0 DEOPT PACKING pc=0x000002161574964c sp=0x0000009bf91fbc70
Event: 27.379 Thread 0x00000216229542c0 DEOPT UNPACKING pc=0x00000216151643a2 sp=0x0000009bf91fbc08 mode 2
Event: 27.534 Thread 0x00000216229542c0 Uncommon trap: trap_request=0xffffff76 fr.pc=0x00000216156ea9a0 relative=0x00000000000001e0
Event: 27.534 Thread 0x00000216229542c0 Uncommon trap: reason=predicate action=maybe_recompile pc=0x00000216156ea9a0 method=com.google.common.base.CharMatcher.indexIn(Ljava/lang/CharSequence;I)I @ 19 c2
Event: 27.534 Thread 0x00000216229542c0 DEOPT PACKING pc=0x00000216156ea9a0 sp=0x0000009bf91faed0
Event: 27.534 Thread 0x00000216229542c0 DEOPT UNPACKING pc=0x00000216151643a2 sp=0x0000009bf91fae60 mode 2

Classes loaded (20 events):
Event: 26.792 Loading class java/io/UnsupportedEncodingException
Event: 26.792 Loading class java/io/UnsupportedEncodingException done
Event: 26.914 Loading class java/util/Collections$SingletonMap
Event: 26.915 Loading class java/util/Collections$SingletonMap done
Event: 27.411 Loading class java/util/stream/SliceOps
Event: 27.412 Loading class java/util/stream/SliceOps done
Event: 27.412 Loading class java/util/stream/SliceOps$1
Event: 27.413 Loading class java/util/stream/ReferencePipeline$StatefulOp
Event: 27.413 Loading class java/util/stream/ReferencePipeline$StatefulOp done
Event: 27.413 Loading class java/util/stream/SliceOps$1 done
Event: 27.421 Loading class java/util/stream/SliceOps$1$1
Event: 27.421 Loading class java/util/stream/SliceOps$1$1 done
Event: 27.515 Loading class java/util/concurrent/TimeoutException
Event: 27.515 Loading class java/util/concurrent/TimeoutException done
Event: 27.515 Loading class java/util/concurrent/CancellationException
Event: 27.516 Loading class java/util/concurrent/CancellationException done
Event: 27.698 Loading class java/util/concurrent/locks/AbstractQueuedSynchronizer$SharedNode
Event: 27.698 Loading class java/util/concurrent/locks/AbstractQueuedSynchronizer$SharedNode done
Event: 27.742 Loading class java/util/ArrayDeque$DeqSpliterator
Event: 27.744 Loading class java/util/ArrayDeque$DeqSpliterator done

Classes unloaded (0 events):
No events

Classes redefined (0 events):
No events

Internal exceptions (20 events):
Event: 26.945 Thread 0x00000216229542c0 Exception <a 'java/lang/NoSuchMethodError'{0x00000000847466d0}: 'java.lang.Object java.lang.invoke.DelegatingMethodHandle$Holder.reinvoke_L(java.lang.Object, java.lang.Object, java.lang.Object, java.lang.Object, java.lang.Object, java.lang.Object, java.lang.Object, java.lang.Object, java.lang.Object, java.lang.Object, java.lang.Object, java.lang.Object, java.lang.Object, java.lang.Object, java.lang.Object, java.lang.Object, java.lang.Object, java.lang.Object, java.lang.Object, java.lang.Object, java.lang.O
Event: 26.946 Thread 0x00000216229542c0 Exception <a 'java/lang/NoSuchMethodError'{0x0000000084751d20}: 'java.lang.Object java.lang.invoke.DirectMethodHandle$Holder.invokeSpecial(java.lang.Object, java.lang.Object, java.lang.Object, java.lang.Object, java.lang.Object, java.lang.Object, java.lang.Object, java.lang.Object, java.lang.Object, java.lang.Object, java.lang.Object, java.lang.Object, java.lang.Object, java.lang.Object, java.lang.Object, java.lang.Object, java.lang.Object, java.lang.Object, java.lang.Object, java.lang.Object, java.lang.Ob
Event: 26.947 Thread 0x00000216229542c0 Exception <a 'java/lang/NoSuchMethodError'{0x0000000084757528}: 'java.lang.Object java.lang.invoke.Invokers$Holder.invoker(java.lang.Object, java.lang.Object, java.lang.Object, java.lang.Object, java.lang.Object, java.lang.Object, java.lang.Object, java.lang.Object, java.lang.Object, java.lang.Object, java.lang.Object, java.lang.Object, java.lang.Object, java.lang.Object, java.lang.Object, java.lang.Object, java.lang.Object, java.lang.Object, java.lang.Object, java.lang.Object, java.lang.Object, java.lang.
Event: 26.947 Thread 0x00000216229542c0 Exception <a 'java/lang/NoSuchMethodError'{0x000000008475d710}: 'java.lang.Object java.lang.invoke.DelegatingMethodHandle$Holder.delegate(java.lang.Object, java.lang.Object, java.lang.Object, java.lang.Object, java.lang.Object, java.lang.Object, java.lang.Object, java.lang.Object, java.lang.Object, java.lang.Object, java.lang.Object, java.lang.Object, java.lang.Object, java.lang.Object, java.lang.Object, java.lang.Object, java.lang.Object, java.lang.Object, java.lang.Object, java.lang.Object, java.lang.Obj
Event: 27.178 Thread 0x00000216229542c0 Exception <a 'java/lang/NoSuchMethodError'{0x0000000084220298}: 'java.lang.Object java.lang.invoke.DirectMethodHandle$Holder.invokeVirtual(java.lang.Object, java.lang.Object, java.lang.Object, java.lang.Object, java.lang.Object, java.lang.Object, java.lang.Object, java.lang.Object, java.lang.Object, java.lang.Object, java.lang.Object, java.lang.Object, java.lang.Object)'> (0x0000000084220298) 
thrown [s\src\hotspot\share\interpreter\linkResolver.cpp, line 784]
Event: 27.181 Thread 0x00000216229542c0 Exception <a 'java/lang/NoSuchMethodError'{0x00000000842254d0}: 'java.lang.Object java.lang.invoke.DirectMethodHandle$Holder.invokeSpecial(java.lang.Object, java.lang.Object, java.lang.Object, java.lang.Object, java.lang.Object, java.lang.Object, java.lang.Object, java.lang.Object, java.lang.Object, java.lang.Object, java.lang.Object, java.lang.Object, java.lang.Object, java.lang.Object)'> (0x00000000842254d0) 
thrown [s\src\hotspot\share\interpreter\linkResolver.cpp, line 784]
Event: 27.181 Thread 0x00000216229542c0 Exception <a 'java/lang/NoSuchMethodError'{0x000000008422a220}: 'java.lang.Object java.lang.invoke.DelegatingMethodHandle$Holder.reinvoke_L(java.lang.Object, java.lang.Object, java.lang.Object, java.lang.Object, java.lang.Object, java.lang.Object, java.lang.Object, java.lang.Object, java.lang.Object, java.lang.Object, java.lang.Object, java.lang.Object, java.lang.Object)'> (0x000000008422a220) 
thrown [s\src\hotspot\share\interpreter\linkResolver.cpp, line 784]
Event: 27.329 Thread 0x00000216229542c0 Exception <a 'java/lang/NoSuchMethodError'{0x0000000083afa860}: 'java.lang.Object java.lang.invoke.DirectMethodHandle$Holder.newInvokeSpecial(java.lang.Object, java.lang.Object, java.lang.Object, java.lang.Object, java.lang.Object, java.lang.Object, java.lang.Object, java.lang.Object, java.lang.Object, java.lang.Object, java.lang.Object, java.lang.Object)'> (0x0000000083afa860) 
thrown [s\src\hotspot\share\interpreter\linkResolver.cpp, line 784]
Event: 27.482 Thread 0x00000216229542c0 Exception <a 'sun/nio/fs/WindowsException'{0x0000000083659be8}> (0x0000000083659be8) 
thrown [s\src\hotspot\share\prims\jni.cpp, line 537]
Event: 27.485 Thread 0x00000216229542c0 Exception <a 'java/lang/IncompatibleClassChangeError'{0x000000008366b738}: Found class java.lang.Object, but interface was expected> (0x000000008366b738) 
thrown [s\src\hotspot\share\interpreter\linkResolver.cpp, line 851]
Event: 27.490 Thread 0x00000216229542c0 Exception <a 'sun/nio/fs/WindowsException'{0x000000008366e6f0}> (0x000000008366e6f0) 
thrown [s\src\hotspot\share\prims\jni.cpp, line 537]
Event: 28.093 Thread 0x00000216229542c0 Exception <a 'sun/nio/fs/WindowsException'{0x0000000082e94d20}> (0x0000000082e94d20) 
thrown [s\src\hotspot\share\prims\jni.cpp, line 537]
Event: 28.093 Thread 0x00000216229542c0 Exception <a 'sun/nio/fs/WindowsException'{0x0000000082e960a0}> (0x0000000082e960a0) 
thrown [s\src\hotspot\share\prims\jni.cpp, line 537]
Event: 28.094 Thread 0x00000216229542c0 Exception <a 'sun/nio/fs/WindowsException'{0x0000000082e97600}> (0x0000000082e97600) 
thrown [s\src\hotspot\share\prims\jni.cpp, line 537]
Event: 28.095 Thread 0x00000216229542c0 Exception <a 'sun/nio/fs/WindowsException'{0x0000000082e9bc08}> (0x0000000082e9bc08) 
thrown [s\src\hotspot\share\prims\jni.cpp, line 537]
Event: 28.188 Thread 0x00000216229542c0 Exception <a 'sun/nio/fs/WindowsException'{0x0000000082defda0}> (0x0000000082defda0) 
thrown [s\src\hotspot\share\prims\jni.cpp, line 537]
Event: 28.188 Thread 0x00000216229542c0 Exception <a 'sun/nio/fs/WindowsException'{0x0000000082df1008}> (0x0000000082df1008) 
thrown [s\src\hotspot\share\prims\jni.cpp, line 537]
Event: 28.189 Thread 0x00000216229542c0 Exception <a 'sun/nio/fs/WindowsException'{0x0000000082df2270}> (0x0000000082df2270) 
thrown [s\src\hotspot\share\prims\jni.cpp, line 537]
Event: 28.189 Thread 0x00000216229542c0 Exception <a 'sun/nio/fs/WindowsException'{0x0000000082df3488}> (0x0000000082df3488) 
thrown [s\src\hotspot\share\prims\jni.cpp, line 537]
Event: 28.230 Thread 0x00000216229542c0 Exception <a 'java/lang/NoSuchMethodError'{0x0000000082c2d848}: 'void java.lang.invoke.DirectMethodHandle$Holder.invokeInterface(java.lang.Object, java.lang.Object, java.lang.Object, java.lang.Object, java.lang.Object)'> (0x0000000082c2d848) 
thrown [s\src\hotspot\share\interpreter\linkResolver.cpp, line 784]

ZGC Phase Switch (0 events):
No events

VM Operations (20 events):
Event: 23.050 Executing non-safepoint VM operation: HandshakeAllThreads (Deoptimize)
Event: 23.050 Executing non-safepoint VM operation: HandshakeAllThreads (Deoptimize) done
Event: 23.051 Executing non-safepoint VM operation: HandshakeAllThreads (Deoptimize)
Event: 23.051 Executing non-safepoint VM operation: HandshakeAllThreads (Deoptimize) done
Event: 24.053 Executing safepoint VM operation: Cleanup
Event: 24.055 Executing safepoint VM operation: Cleanup done
Event: 25.060 Executing safepoint VM operation: Cleanup
Event: 25.061 Executing safepoint VM operation: Cleanup done
Event: 25.203 Executing safepoint VM operation: G1CollectForAllocation (G1 Evacuation Pause)
Event: 25.214 Executing safepoint VM operation: G1CollectForAllocation (G1 Evacuation Pause) done
Event: 26.225 Executing safepoint VM operation: Cleanup
Event: 26.225 Executing safepoint VM operation: Cleanup done
Event: 26.550 Executing safepoint VM operation: CollectForMetadataAllocation (Metadata GC Threshold)
Event: 26.559 Executing safepoint VM operation: CollectForMetadataAllocation (Metadata GC Threshold) done
Event: 26.590 Executing safepoint VM operation: G1PauseRemark
Event: 26.598 Executing safepoint VM operation: G1PauseRemark done
Event: 26.616 Executing safepoint VM operation: G1PauseCleanup
Event: 26.617 Executing safepoint VM operation: G1PauseCleanup done
Event: 27.414 Executing non-safepoint VM operation: HandshakeAllThreads (Deoptimize)
Event: 27.414 Executing non-safepoint VM operation: HandshakeAllThreads (Deoptimize) done

Memory protections (0 events):
No events

Nmethod flushes (20 events):
Event: 26.595 Thread 0x0000021622177620 flushing  nmethod 0x000002160dccf310
Event: 26.595 Thread 0x0000021622177620 flushing  nmethod 0x000002160dcd0010
Event: 26.595 Thread 0x0000021622177620 flushing  nmethod 0x000002160dcd2490
Event: 26.595 Thread 0x0000021622177620 flushing  nmethod 0x000002160dd1d990
Event: 26.595 Thread 0x0000021622177620 flushing  nmethod 0x000002160dd20210
Event: 26.595 Thread 0x0000021622177620 flushing  nmethod 0x000002160dd25c10
Event: 26.595 Thread 0x0000021622177620 flushing  nmethod 0x000002160dd26d10
Event: 26.595 Thread 0x0000021622177620 flushing  nmethod 0x000002160dd27e10
Event: 26.595 Thread 0x0000021622177620 flushing  nmethod 0x000002160dd84410
Event: 26.595 Thread 0x0000021622177620 flushing  nmethod 0x000002160dd85510
Event: 26.595 Thread 0x0000021622177620 flushing  nmethod 0x000002160dd87810
Event: 26.595 Thread 0x0000021622177620 flushing  nmethod 0x000002160ddbe210
Event: 26.595 Thread 0x0000021622177620 flushing  nmethod 0x000002160ddbff10
Event: 26.595 Thread 0x0000021622177620 flushing  nmethod 0x000002160de02190
Event: 26.595 Thread 0x0000021622177620 flushing  nmethod 0x000002160de06490
Event: 26.595 Thread 0x0000021622177620 flushing  nmethod 0x000002160de87b90
Event: 26.595 Thread 0x0000021622177620 flushing  nmethod 0x000002160de9c490
Event: 26.595 Thread 0x0000021622177620 flushing  nmethod 0x000002160df3ed10
Event: 26.595 Thread 0x0000021622177620 flushing  nmethod 0x000002160dfaaa10
Event: 26.595 Thread 0x0000021622177620 flushing  nmethod 0x000002160dfab190

Events (20 events):
Event: 19.006 Thread 0x000002160aa72ca0 Thread added: 0x000002162752f0a0
Event: 19.578 Loaded shared library D:\DevelpmentTools\Android\Android Studio\jbr\bin\extnet.dll
Event: 20.377 Thread 0x000002160aa72ca0 Thread added: 0x0000021628926900
Event: 20.661 Thread 0x000002160aa72ca0 Thread added: 0x0000021627ec95d0
Event: 20.854 Thread 0x0000021628926900 Thread added: 0x00000216228ea5f0
Event: 20.860 Thread 0x00000216228ea5f0 Thread added: 0x0000021622954f10
Event: 20.979 Thread 0x00000216228ea5f0 Thread added: 0x00000216284305a0
Event: 21.000 Thread 0x00000216228ea5f0 Thread added: 0x00000216229542c0
Event: 21.026 Thread 0x00000216229542c0 Thread added: 0x0000021628a0cd00
Event: 21.038 Thread 0x00000216229542c0 Thread added: 0x0000021628a0e740
Event: 21.072 Thread 0x00000216229542c0 Thread added: 0x0000021628a0b2c0
Event: 22.325 Thread 0x00000216229542c0 Thread added: 0x0000021628a0d390
Event: 22.344 Thread 0x00000216229542c0 Thread added: 0x0000021628a0bfe0
Event: 22.421 Thread 0x00000216223771a0 Thread added: 0x0000021627e99140
Event: 22.540 Thread 0x00000216229542c0 Thread added: 0x0000021628a0b950
Event: 26.287 Thread 0x0000021627e99140 Thread exited: 0x0000021627e99140
Event: 26.876 Thread 0x00000216229542c0 Thread added: 0x000002162aba7430
Event: 26.925 Thread 0x00000216229542c0 Thread added: 0x000002162aba9b90
Event: 27.698 Thread 0x00000216229542c0 Thread added: 0x000002162aba59f0
Event: 27.720 Thread 0x00000216229542c0 Thread added: 0x000002162aba8150


Dynamic libraries:
0x00007ff66fdb0000 - 0x00007ff66fdba000 	D:\DevelpmentTools\Android\Android Studio\jbr\bin\java.exe
0x00007ffba1450000 - 0x00007ffba1649000 	C:\Windows\SYSTEM32\ntdll.dll
0x00007ffba0c10000 - 0x00007ffba0cd2000 	C:\Windows\System32\KERNEL32.DLL
0x00007ffb9eb40000 - 0x00007ffb9ee37000 	C:\Windows\System32\KERNELBASE.dll
0x00007ffb9f350000 - 0x00007ffb9f450000 	C:\Windows\System32\ucrtbase.dll
0x00007ffb98b00000 - 0x00007ffb98b1b000 	D:\DevelpmentTools\Android\Android Studio\jbr\bin\VCRUNTIME140.dll
0x00007ffb831c0000 - 0x00007ffb831d8000 	D:\DevelpmentTools\Android\Android Studio\jbr\bin\jli.dll
0x00007ffba1270000 - 0x00007ffba140d000 	C:\Windows\System32\USER32.dll
0x00007ffb9f020000 - 0x00007ffb9f042000 	C:\Windows\System32\win32u.dll
0x00007ffb9f6c0000 - 0x00007ffb9f6eb000 	C:\Windows\System32\GDI32.dll
0x00007ffb8b720000 - 0x00007ffb8b9bb000 	C:\Windows\WinSxS\amd64_microsoft.windows.common-controls_6595b64144ccf1df_6.0.19041.6926_none_60b5a53971f8f7e6\COMCTL32.dll
0x00007ffb9f0f0000 - 0x00007ffb9f20a000 	C:\Windows\System32\gdi32full.dll
0x00007ffba0d60000 - 0x00007ffba0dfe000 	C:\Windows\System32\msvcrt.dll
0x00007ffb9f050000 - 0x00007ffb9f0ed000 	C:\Windows\System32\msvcp_win.dll
0x00007ffb9f690000 - 0x00007ffb9f6bf000 	C:\Windows\System32\IMM32.DLL
0x00007ffb9a9c0000 - 0x00007ffb9a9cc000 	D:\DevelpmentTools\Android\Android Studio\jbr\bin\vcruntime140_1.dll
0x00007ffb69fe0000 - 0x00007ffb6a06d000 	D:\DevelpmentTools\Android\Android Studio\jbr\bin\msvcp140.dll
0x00007ffb56040000 - 0x00007ffb56cd6000 	D:\DevelpmentTools\Android\Android Studio\jbr\bin\server\jvm.dll
0x00007ffba0b50000 - 0x00007ffba0c01000 	C:\Windows\System32\ADVAPI32.dll
0x00007ffb9f5e0000 - 0x00007ffb9f67f000 	C:\Windows\System32\sechost.dll
0x00007ffb9f6f0000 - 0x00007ffb9f816000 	C:\Windows\System32\RPCRT4.dll
0x00007ffb9eb10000 - 0x00007ffb9eb37000 	C:\Windows\System32\bcrypt.dll
0x00007ffba0960000 - 0x00007ffba09cb000 	C:\Windows\System32\WS2_32.dll
0x00007ffb9e910000 - 0x00007ffb9e95b000 	C:\Windows\SYSTEM32\POWRPROF.dll
0x00007ffb8c1f0000 - 0x00007ffb8c217000 	C:\Windows\SYSTEM32\WINMM.dll
0x00007ffb966e0000 - 0x00007ffb966ea000 	C:\Windows\SYSTEM32\VERSION.dll
0x00007ffb9e8f0000 - 0x00007ffb9e902000 	C:\Windows\SYSTEM32\UMPDC.dll
0x00007ffb9c8f0000 - 0x00007ffb9c902000 	C:\Windows\SYSTEM32\kernel.appcore.dll
0x00007ffb98aa0000 - 0x00007ffb98aaa000 	D:\DevelpmentTools\Android\Android Studio\jbr\bin\jimage.dll
0x00007ffb95910000 - 0x00007ffb95b11000 	C:\Windows\SYSTEM32\DBGHELP.DLL
0x00007ffb95280000 - 0x00007ffb952b4000 	C:\Windows\SYSTEM32\dbgcore.DLL
0x00007ffb9f2c0000 - 0x00007ffb9f342000 	C:\Windows\System32\bcryptPrimitives.dll
0x00007ffb83590000 - 0x00007ffb8359e000 	D:\DevelpmentTools\Android\Android Studio\jbr\bin\instrument.dll
0x00007ffb96020000 - 0x00007ffb96040000 	D:\DevelpmentTools\Android\Android Studio\jbr\bin\java.dll
0x00007ffb95ce0000 - 0x00007ffb95cf8000 	D:\DevelpmentTools\Android\Android Studio\jbr\bin\zip.dll
0x00007ffb9f970000 - 0x00007ffba00e1000 	C:\Windows\System32\SHELL32.dll
0x00007ffb9caf0000 - 0x00007ffb9d296000 	C:\Windows\SYSTEM32\windows.storage.dll
0x00007ffba04f0000 - 0x00007ffba0843000 	C:\Windows\System32\combase.dll
0x00007ffb9e410000 - 0x00007ffb9e43b000 	C:\Windows\SYSTEM32\Wldp.dll
0x00007ffba09d0000 - 0x00007ffba0aa6000 	C:\Windows\System32\OLEAUT32.dll
0x00007ffba08b0000 - 0x00007ffba095d000 	C:\Windows\System32\SHCORE.dll
0x00007ffb9f470000 - 0x00007ffb9f4cb000 	C:\Windows\System32\shlwapi.dll
0x00007ffb9e9e0000 - 0x00007ffb9ea04000 	C:\Windows\SYSTEM32\profapi.dll
0x00007ffb96010000 - 0x00007ffb96020000 	D:\DevelpmentTools\Android\Android Studio\jbr\bin\net.dll
0x00007ffb96b20000 - 0x00007ffb96c2a000 	C:\Windows\SYSTEM32\WINHTTP.dll
0x00007ffb9e100000 - 0x00007ffb9e16a000 	C:\Windows\system32\mswsock.dll
0x00007ffb94b00000 - 0x00007ffb94b16000 	D:\DevelpmentTools\Android\Android Studio\jbr\bin\nio.dll
0x00007ffb94920000 - 0x00007ffb94930000 	D:\DevelpmentTools\Android\Android Studio\jbr\bin\verify.dll
0x00007ffb875b0000 - 0x00007ffb875d7000 	C:\Users\speak\.gradle\native\660c5614fbf4a5f2a75b1949f50a0caf5cd603558e7d8a26e50b933a0cfb79d1\windows-amd64\native-platform.dll
0x00007ffb7f670000 - 0x00007ffb7f6e7000 	C:\Users\speak\.gradle\native\0.2.8\x86_64-windows-gnu\gradle-fileevents.dll
0x00007ffb94af0000 - 0x00007ffb94af9000 	D:\DevelpmentTools\Android\Android Studio\jbr\bin\management.dll
0x00007ffb94ae0000 - 0x00007ffb94aeb000 	D:\DevelpmentTools\Android\Android Studio\jbr\bin\management_ext.dll
0x00007ffb9f680000 - 0x00007ffb9f688000 	C:\Windows\System32\PSAPI.DLL
0x00007ffb9ddf0000 - 0x00007ffb9de2b000 	C:\Windows\SYSTEM32\IPHLPAPI.DLL
0x00007ffba0b40000 - 0x00007ffba0b48000 	C:\Windows\System32\NSI.dll
0x00007ffb95230000 - 0x00007ffb95239000 	D:\DevelpmentTools\Android\Android Studio\jbr\bin\extnet.dll
0x00007ffb9e360000 - 0x00007ffb9e378000 	C:\Windows\SYSTEM32\CRYPTSP.dll
0x00007ffb9da20000 - 0x00007ffb9da58000 	C:\Windows\system32\rsaenh.dll
0x00007ffb9e9a0000 - 0x00007ffb9e9ce000 	C:\Windows\SYSTEM32\USERENV.dll
0x00007ffb9e380000 - 0x00007ffb9e38c000 	C:\Windows\SYSTEM32\CRYPTBASE.dll
0x00007ffb829b0000 - 0x00007ffb829b7000 	C:\Windows\system32\wshunix.dll

JVMTI agents:
C:\Users\speak\.gradle\wrapper\dists\gradle-9.4.1-bin\arn2x92ynaizyzdaamcbpbhtj\gradle-9.4.1\lib\agents\gradle-instrumentation-agent-9.4.1.jar path:D:\DevelpmentTools\Android\Android Studio\jbr\bin\instrument.dll, loaded, initialized, instrumentlib options:none

dbghelp: loaded successfully - version: 4.0.5 - missing functions: none
symbol engine: initialized successfully - sym options: 0x614 - pdb path: .;D:\DevelpmentTools\Android\Android Studio\jbr\bin;C:\Windows\SYSTEM32;C:\Windows\WinSxS\amd64_microsoft.windows.common-controls_6595b64144ccf1df_6.0.19041.6926_none_60b5a53971f8f7e6;D:\DevelpmentTools\Android\Android Studio\jbr\bin\server;C:\Users\speak\.gradle\native\660c5614fbf4a5f2a75b1949f50a0caf5cd603558e7d8a26e50b933a0cfb79d1\windows-amd64;C:\Users\speak\.gradle\native\0.2.8\x86_64-windows-gnu

VM Arguments:
jvm_args: --add-opens=java.base/java.lang=ALL-UNNAMED --add-opens=java.base/java.lang.invoke=ALL-UNNAMED --add-opens=java.base/java.util=ALL-UNNAMED --add-opens=java.prefs/java.util.prefs=ALL-UNNAMED --add-exports=jdk.compiler/com.sun.tools.javac.api=ALL-UNNAMED --add-exports=jdk.compiler/com.sun.tools.javac.util=ALL-UNNAMED --add-opens=java.base/java.util=ALL-UNNAMED --add-opens=java.prefs/java.util.prefs=ALL-UNNAMED --add-opens=java.base/java.nio.charset=ALL-UNNAMED --add-opens=java.base/java.net=ALL-UNNAMED --add-opens=java.base/java.util.concurrent=ALL-UNNAMED --add-opens=java.base/java.util.concurrent.atomic=ALL-UNNAMED --add-opens=java.xml/javax.xml.namespace=ALL-UNNAMED --add-opens=java.base/java.time=ALL-UNNAMED -Xmx2048m -Dfile.encoding=UTF-8 -Duser.country=IN -Duser.language=en -Duser.variant -javaagent:C:\Users\speak\.gradle\wrapper\dists\gradle-9.4.1-bin\arn2x92ynaizyzdaamcbpbhtj\gradle-9.4.1\lib\agents\gradle-instrumentation-agent-9.4.1.jar 
java_command: org.gradle.launcher.daemon.bootstrap.GradleDaemon 9.4.1
java_class_path (initial): C:\Users\speak\.gradle\wrapper\dists\gradle-9.4.1-bin\arn2x92ynaizyzdaamcbpbhtj\gradle-9.4.1\lib\gradle-daemon-main-9.4.1.jar
Launcher Type: SUN_STANDARD

[Global flags]
     intx CICompilerCount                          = 4                                         {product} {ergonomic}
     uint ConcGCThreads                            = 2                                         {product} {ergonomic}
     uint G1ConcRefinementThreads                  = 8                                         {product} {ergonomic}
   size_t G1HeapRegionSize                         = 1048576                                   {product} {ergonomic}
    uintx GCDrainStackTargetSize                   = 64                                        {product} {ergonomic}
   size_t InitialHeapSize                          = 134217728                                 {product} {ergonomic}
   size_t MarkStackSize                            = 4194304                                   {product} {ergonomic}
   size_t MaxHeapSize                              = 2147483648                                {product} {command line}
   size_t MaxNewSize                               = 1287651328                                {product} {ergonomic}
   size_t MinHeapDeltaBytes                        = 1048576                                   {product} {ergonomic}
   size_t MinHeapSize                              = 8388608                                   {product} {ergonomic}
    uintx NonNMethodCodeHeapSize                   = 5839372                                {pd product} {ergonomic}
    uintx NonProfiledCodeHeapSize                  = 122909434                              {pd product} {ergonomic}
    uintx ProfiledCodeHeapSize                     = 122909434                              {pd product} {ergonomic}
    uintx ReservedCodeCacheSize                    = 251658240                              {pd product} {ergonomic}
     bool SegmentedCodeCache                       = true                                      {product} {ergonomic}
   size_t SoftMaxHeapSize                          = 2147483648                             {manageable} {ergonomic}
     bool UseCompressedOops                        = true                           {product lp64_product} {ergonomic}
     bool UseG1GC                                  = true                                      {product} {ergonomic}
     bool UseLargePagesIndividualAllocation        = false                                  {pd product} {ergonomic}

Logging:
Log output configuration:
 #0: stdout all=warning uptime,level,tags foldmultilines=false
 #1: stderr all=off uptime,level,tags foldmultilines=false

Release file:
JAVA_VERSION="21.0.10" 
MODULES="java.base java.compiler java.datatransfer java.xml java.prefs java.desktop java.instrument java.logging java.management java.security.sasl java.naming java.rmi java.management.rmi java.net.http java.scripting java.security.jgss java.transaction.xa java.sql java.sql.rowset java.xml.crypto java.se java.smartcardio jdk.accessibility jdk.internal.jvmstat jdk.attach jdk.charsets jdk.internal.opt jdk.zipfs jdk.compiler jdk.crypto.ec jdk.crypto.cryptoki jdk.dynalink jdk.hotspot.agent jdk.httpserver jdk.internal.ed jdk.internal.le jdk.internal.vm.ci jdk.jartool jdk.javadoc jdk.jcmd jdk.jdeps jdk.jdwp.agent jdk.jdi jdk.jfr jdk.jlink jdk.jsobject jdk.localedata jdk.management jdk.management.agent jdk.management.jfr jdk.naming.dns jdk.naming.rmi jdk.net jdk.sctp jdk.security.auth jdk.security.jgss jdk.unsupported jdk.unsupported.desktop jdk.xml.dom" 
IMPLEMENTOR="JetBrains s.r.o." 
JAVA_RUNTIME_VERSION="21.0.10+-14961533-b1163.108" 
LIBC="default" 
OS_ARCH="x86_64" 
OS_NAME="Windows" 
SOURCE=".:git:1351622c2ff2" 

Environment Variables:
PATH=C:\Program Files\Common Files\Oracle\Java\javapath;C:\Windows\system32;C:\Windows;C:\Windows\System32\Wbem;C:\Windows\System32\WindowsPowerShell\v1.0\;C:\Windows\System32\OpenSSH\;C:\Program Files\Git\cmd;C:\Users\speak\AppData\Local\nvm;C:\nvm4w\nodejs;C:\Program Files\Tailscale\;C:\Program Files\PuTTY\;C:\Program Files\PostgreSQL\18\bin;;C:\Program Files\Docker\Docker\resources\bin;C:\Users\speak\AppData\Local\Microsoft\WindowsApps;C:\Users\speak\AppData\Local\Programs\Microsoft VS Code\bin;C:\Program Files\JetBrains\IntelliJ IDEA 2026.1\bin;C:\Users\speak\AppData\Local\nvm;C:\nvm4w\nodejs
USERNAME=speak
OS=Windows_NT
PROCESSOR_IDENTIFIER=Intel64 Family 6 Model 142 Stepping 10, GenuineIntel
TMP=C:\Users\speak\AppData\Local\Temp
TEMP=C:\Users\speak\AppData\Local\Temp




Periodic native trim disabled

JNI global refs:
JNI global refs: 24, weak refs: 0

JNI global refs memory usage: 835, weak refs: 833

Process memory usage:
Resident Set Size: 201996K (2% of 8260236K total physical memory with 335740K free physical memory)

OOME stack traces (most recent first):
Classloader memory used:
Loader org.gradle.internal.classloader.VisitableURLClassLoader                         : 18115K
Loader bootstrap                                                                       : 17783K
Loader org.gradle.initialization.MixInLegacyTypesClassLoader                           : 2499K
Loader jdk.internal.loader.ClassLoaders$AppClassLoader                                 : 189K
Loader jdk.internal.loader.ClassLoaders$PlatformClassLoader                            : 136K

Classes loaded by more than one classloader:
Class org.gradle.internal.classloader.FilteringClassLoader                            : loaded 2 times (x 105B)
Class org.gradle.internal.classloader.ClassLoaderHierarchy                            : loaded 2 times (x 70B)
Class org.gradle.internal.classloader.DefaultClassLoaderFactory                       : loaded 2 times (x 82B)
Class org.gradle.api.internal.DefaultClassPathProvider                                : loaded 2 times (x 76B)
Class [Lorg.gradle.api.internal.ClassPathProvider;                                    : loaded 2 times (x 69B)
Class org.gradle.api.internal.ClassPathProvider                                       : loaded 2 times (x 70B)
Class org.gradle.internal.service.UnknownServiceException                             : loaded 2 times (x 83B)
Class org.gradle.internal.classpath.TransformedClassPath                              : loaded 2 times (x 96B)
Class org.gradle.internal.classloader.InstrumentingClassLoader                        : loaded 2 times (x 70B)
Class org.gradle.internal.service.ServiceLocator                                      : loaded 2 times (x 70B)
Class org.gradle.api.internal.classpath.DefaultModuleRegistry$DefaultModule           : loaded 2 times (x 82B)
Class org.gradle.api.internal.classpath.Module                                        : loaded 2 times (x 70B)
Class org.gradle.api.internal.classpath.UnknownModuleException                        : loaded 2 times (x 82B)
Class org.gradle.api.internal.DefaultClassPathRegistry                                : loaded 2 times (x 76B)
Class org.gradle.internal.classpath.DefaultClassPath$ImmutableUniqueList              : loaded 2 times (x 199B)
Class org.gradle.api.internal.ClassPathRegistry                                       : loaded 2 times (x 70B)
Class org.gradle.internal.classpath.ClassPath                                         : loaded 2 times (x 70B)
Class org.gradle.api.internal.classpath.DefaultModuleRegistry$DefaultModuleAlias      : loaded 2 times (x 80B)
Class org.gradle.api.internal.classpath.ModuleRegistry                                : loaded 2 times (x 70B)
Class org.gradle.internal.installation.GradleInstallation$1                           : loaded 2 times (x 75B)
Class org.gradle.api.internal.classpath.DefaultModuleRegistry                         : loaded 2 times (x 84B)
Class org.gradle.internal.service.ServiceLookupException                              : loaded 2 times (x 82B)
Class org.gradle.internal.classloader.ClassLoaderFactory                              : loaded 2 times (x 70B)
Class org.gradle.internal.service.CachingServiceLocator                               : loaded 2 times (x 82B)
Class org.gradle.internal.classloader.ClasspathUtil                                   : loaded 2 times (x 71B)
Class org.gradle.api.specs.Spec                                                       : loaded 2 times (x 70B)
Class org.gradle.internal.classloader.VisitableURLClassLoader$InstrumentingVisitableURLClassLoader: loaded 2 times (x 123B)
Class org.gradle.internal.classloader.VisitableURLClassLoader$Spec                    : loaded 2 times (x 74B)
Class org.gradle.internal.classpath.DefaultClassPath                                  : loaded 2 times (x 90B)
Class org.gradle.internal.classloader.ClassLoaderSpec                                 : loaded 2 times (x 71B)
Class org.gradle.api.internal.classpath.Module$ModuleAlias                            : loaded 2 times (x 70B)
Class org.gradle.internal.classloader.VisitableURLClassLoader                         : loaded 2 times (x 117B)
Class org.gradle.internal.Cast                                                        : loaded 2 times (x 71B)
Class org.gradle.api.Action                                                           : loaded 2 times (x 70B)
Class org.gradle.internal.classpath.DefaultClassPath$ImmutableUniqueList$Builder      : loaded 2 times (x 75B)
Class org.gradle.api.GradleException                                                  : loaded 2 times (x 82B)
Class org.gradle.internal.IoActions                                                   : loaded 2 times (x 71B)
Class org.gradle.internal.installation.CurrentGradleInstallationLocator               : loaded 2 times (x 71B)
Class org.gradle.internal.service.DefaultServiceLocator                               : loaded 2 times (x 83B)
Class org.gradle.internal.installation.CurrentGradleInstallation                      : loaded 2 times (x 73B)
Class org.gradle.util.internal.GUtil                                                  : loaded 2 times (x 71B)
Class org.gradle.internal.installation.GradleInstallation                             : loaded 2 times (x 75B)

---------------  S Y S T E M  ---------------

OS:
 Windows 10 , 64 bit Build 19041 (10.0.19041.7291)
OS uptime: 1 days 22:06 hours
Hyper-V role detected

CPU: total 8 (initial active 8) (4 cores per cpu, 2 threads per core) family 6 model 142 stepping 10 microcode 0xd6, cx8, cmov, fxsr, ht, mmx, 3dnowpref, sse, sse2, sse3, ssse3, sse4.1, sse4.2, popcnt, lzcnt, tsc, tscinvbit, avx, avx2, aes, erms, clmul, bmi1, bmi2, adx, fma, vzeroupper, clflush, clflushopt, hv, rdtscp, f16c
Processor Information for the first 8 processors :
  Max Mhz: 1800, Current Mhz: 1600, Mhz Limit: 1584

Memory: 4k page, system-wide physical 8066M (335M free)
TotalPageFile size 25941M (AvailPageFile size 0M)
current process WorkingSet (physical memory assigned to process): 197M, peak: 209M
current process commit charge ("private bytes"): 247M, peak: 259M

vm_info: OpenJDK 64-Bit Server VM (21.0.10+-14961533-b1163.108) for windows-amd64 JRE (21.0.10+-14961533-b1163.108), built on 2026-03-02T19:58:50Z by "builder" with MS VC++ 16.10 / 16.11 (VS2019)

END.
